<?xml version="1.0" encoding="utf-8"?>
<data type="font" name="mono_mid">
    <family>monoMMM_5</family>
    <size>9</size>
    <style>Normal</style>
    <widthType>proportional</widthType>
    <antialiasing>false</antialiasing>
    <alphaChannel>false</alphaChannel>
    <string> !"#$%&amp;'()*+,-./0123456789:;&lt;=>?\x0040ABCDEFGHIJKLMNOPQRSTUVWXYZ[\]^_`abcdefghijklmnopqrstuvwxyz{|}~°</string>
    <converted>C:/ArduinoSketches/libraries/TFT_ILI9163C/_utility/for_LCD_Font_Converter/FontFiles/mono_mid.c</converted>
    <chars>
        <char code="0020" character=" ">
            <picture format="png">iVBORw0KGgoAAAANSUhEUgAAAAYAAAAKCAYAAACXDi8zAAAACXBIWXMAAA7EAAAOxAGVKw4bAAAAFklEQVQImWP8////fwYsgAmb4HCSAADlDQQQmT8OqQAAAABJRU5ErkJggg==</picture>
        </char>
        <char code="0021" character="!">
            <picture format="png">iVBORw0KGgoAAAANSUhEUgAAAAIAAAAKCAYAAACe5Y9JAAAACXBIWXMAAA7EAAAOxAGVKw4bAAAAKElEQVQImWP8////fwYGBgYmRkZGBgYGBgYmBijAx4BqQtIFF4GpAQD3MQoQ2OqzHQAAAABJRU5ErkJggg==</picture>
        </char>
        <char code="0022" character="&quot;">
            <picture format="png">iVBORw0KGgoAAAANSUhEUgAAAAQAAAAKCAYAAACT+/8OAAAACXBIWXMAAA7EAAAOxAGVKw4bAAAAKElEQVQImWP8////fwYkwMTIyMjAwMDAAKOZGNAAhgAjhhkEtZAhAAAyaggRwBGe/QAAAABJRU5ErkJggg==</picture>
        </char>
        <char code="0023" character="#">
            <picture format="png">iVBORw0KGgoAAAANSUhEUgAAAAYAAAAKCAYAAACXDi8zAAAACXBIWXMAAA7EAAAOxAGVKw4bAAAAMUlEQVQIma2OMQoAIBDD0vv/n+MkyCkOYpcMJaVR5ZACSMJKgACboVJzqfPBuL76UwwjCiH10aQRNQAAAABJRU5ErkJggg==</picture>
        </char>
        <char code="0024" character="$">
            <picture format="png">iVBORw0KGgoAAAANSUhEUgAAAAYAAAAKCAYAAACXDi8zAAAACXBIWXMAAA7EAAAOxAGVKw4bAAAAP0lEQVQImV2NQQ4AMAjCqv//c3fZFpSLBhooVYCq4r4A9DPzAnSS6g+bpQd1UqMqqVGVVKpUM/wbu2psbBPgAE8mKQg+SkGnAAAAAElFTkSuQmCC</picture>
        </char>
        <char code="0025" character="%">
            <picture format="png">iVBORw0KGgoAAAANSUhEUgAAAAYAAAAKCAYAAACXDi8zAAAACXBIWXMAAA7EAAAOxAGVKw4bAAAAP0lEQVQImXWPQQoAMAjDUvH/X+5OihvOk6QYrGybZUISkhrUngC2G5QgCr7GmBczjPJOXQdbmFNxffftsUGAA3ofIxgxetybAAAAAElFTkSuQmCC</picture>
        </char>
        <char code="0026" character="&amp;">
            <picture format="png">iVBORw0KGgoAAAANSUhEUgAAAAYAAAAKCAYAAACXDi8zAAAACXBIWXMAAA7EAAAOxAGVKw4bAAAAQ0lEQVQImXWPwQ3AMAgDzyj7r3z9BKQ2KR8jYxuIKpdaAEmGaF0lQeVrrG5aMAP1IF9Rvadxog7nPtfdDubvj7qRAA/WzDH5tcsPngAAAABJRU5ErkJggg==</picture>
        </char>
        <char code="0027" character="'">
            <picture format="png">iVBORw0KGgoAAAANSUhEUgAAAAIAAAAKCAYAAACe5Y9JAAAACXBIWXMAAA7EAAAOxAGVKw4bAAAAJklEQVQImWP8////fwYGBgYmRkZGBgYGBgYmBihAMKBKsEnhZgAA/OAHEAMmnI0AAAAASUVORK5CYII=</picture>
        </char>
        <char code="0028" character="(">
            <picture format="png">iVBORw0KGgoAAAANSUhEUgAAAAMAAAAKCAYAAABxJ+R3AAAACXBIWXMAAA7EAAAOxAGVKw4bAAAAKklEQVQImaXNsRHAIBDEQL3773lJ8EDORdIouKACs6Gqr2vvgmbmlP9nAW/EEwKdelMDAAAAAElFTkSuQmCC</picture>
        </char>
        <char code="0029" character=")">
            <picture format="png">iVBORw0KGgoAAAANSUhEUgAAAAMAAAAKCAYAAABxJ+R3AAAACXBIWXMAAA7EAAAOxAGVKw4bAAAAJ0lEQVQImaXNMQoAIBSAUO3+d7Yhgg+Nub1JgSoAVoV6wOgbPp/bBsE4DgiokBI7AAAAAElFTkSuQmCC</picture>
        </char>
        <char code="002a" character="*">
            <picture format="png">iVBORw0KGgoAAAANSUhEUgAAAAYAAAAKCAYAAACXDi8zAAAACXBIWXMAAA7EAAAOxAGVKw4bAAAAOUlEQVQImY2OQQ4AIAzC6OL/v4wnzdQtkdMIdAHbVqFYB3AESHoI24r70/ItMXYDlOnIrXJVO/c7mHK0Gv8hzlg5AAAAAElFTkSuQmCC</picture>
        </char>
        <char code="002b" character="+">
            <picture format="png">iVBORw0KGgoAAAANSUhEUgAAAAYAAAAKCAYAAACXDi8zAAAACXBIWXMAAA7EAAAOxAGVKw4bAAAANElEQVQImY2OMQoAIBDDGvH/X46ToKegHVtCimouabdyG4A/giSHQ02fbiDrj7e8vn4TNQN2yxEKTZm1CAAAAABJRU5ErkJggg==</picture>
        </char>
        <char code="002c" character=",">
            <picture format="png">iVBORw0KGgoAAAANSUhEUgAAAAMAAAAKCAYAAABxJ+R3AAAACXBIWXMAAA7EAAAOxAGVKw4bAAAAIUlEQVQImWP8////fwYoYGJAAmRzGBkZCShjZGBggNsLACAVCA5UV2f1AAAAAElFTkSuQmCC</picture>
        </char>
        <char code="002d" character="-">
            <picture format="png">iVBORw0KGgoAAAANSUhEUgAAAAYAAAAKCAIAAAAYbLhkAAAACXBIWXMAAA7EAAAOxAGVKw4bAAAAH0lEQVQImWP8//8/AypgYsAAxAmhg////zNS0XgsQgBwtQkI3wE9RAAAAABJRU5ErkJggg==</picture>
        </char>
        <char code="002e" character=".">
            <picture format="png">iVBORw0KGgoAAAANSUhEUgAAAAIAAAAKCAYAAACe5Y9JAAAACXBIWXMAAA7EAAAOxAGVKw4bAAAAIElEQVQImWP8////fwYGBgYmBiggisHIyIgmAjUGIQIAkMUHEOn8ObcAAAAASUVORK5CYII=</picture>
        </char>
        <char code="002f" character="/">
            <picture format="png">iVBORw0KGgoAAAANSUhEUgAAAAUAAAAKCAIAAADzWwNnAAAACXBIWXMAAA7EAAAOxAGVKw4bAAAALklEQVQImWP8//8/AxJggrMYGRlR+CjyjIyMEI3Y5OGSWOQZGRgYkK3EkEdzDwCR+A8M540TtwAAAABJRU5ErkJggg==</picture>
        </char>
        <char code="0030" character="0">
            <picture format="png">iVBORw0KGgoAAAANSUhEUgAAAAYAAAAKCAYAAACXDi8zAAAACXBIWXMAAA7EAAAOxAGVKw4bAAAAP0lEQVQImXWOOQ4AMQwCwfL/vzwpNne8VAgYCQOoUEqS7RmMnT+/INsCFDu+k3Evj+IOZ1EdS6B8lX9EPElXA4afIAueBUj7AAAAAElFTkSuQmCC</picture>
        </char>
        <char code="0031" character="1">
            <picture format="png">iVBORw0KGgoAAAANSUhEUgAAAAUAAAAKCAYAAAB8OZQwAAAACXBIWXMAAA7EAAAOxAGVKw4bAAAAM0lEQVQImWP8////fwY0wARjMDIywgVZkDlwlf///2dAN4EJQxnpgjDLYDQLAwMDcRYBAA1YDRfcOtn7AAAAAElFTkSuQmCC</picture>
        </char>
        <char code="0032" character="2">
            <picture format="png">iVBORw0KGgoAAAANSUhEUgAAAAYAAAAKCAYAAACXDi8zAAAACXBIWXMAAA7EAAAOxAGVKw4bAAAAQElEQVQImY2NwQ3AMAwCjyj7r3x9VHHdqJXCCwOGqPKBCZCkhJXLzZ+nJKiMnyZGP1b6ZXSxjF2s8b1fZR6Nd1zRziEEYCLLYgAAAABJRU5ErkJggg==</picture>
        </char>
        <char code="0033" character="3">
            <picture format="png">iVBORw0KGgoAAAANSUhEUgAAAAYAAAAKCAYAAACXDi8zAAAACXBIWXMAAA7EAAAOxAGVKw4bAAAAQ0lEQVQImXWNQQ7AMAjDEtT/f9k7dHSZ2uYEkTEG0CFDkmyvojnP+TuyLUB1MU1V6hqsdAMLqHz8UyWVqpFLprbmzQOy2iMKw3QbngAAAABJRU5ErkJggg==</picture>
        </char>
        <char code="0034" character="4">
            <picture format="png">iVBORw0KGgoAAAANSUhEUgAAAAYAAAAKCAYAAACXDi8zAAAACXBIWXMAAA7EAAAOxAGVKw4bAAAAOUlEQVQImXWOQQ4AMAjCitn/v8xuC1HnzUKNsm2WqVwkzSDhCyTRL9YGAQQMapuT7bSrt9d30/4aF7xnFw3DmPafAAAAAElFTkSuQmCC</picture>
        </char>
        <char code="0035" character="5">
            <picture format="png">iVBORw0KGgoAAAANSUhEUgAAAAYAAAAKCAYAAACXDi8zAAAACXBIWXMAAA7EAAAOxAGVKw4bAAAAPElEQVQImYWOQQoAIQzEMtL/fzmeXBat2NNAZkijSnMBDqBSKzwXq1R7OwkqoxMDjCQtKJU//By3r66OCSo6HgWq3PC2AAAAAElFTkSuQmCC</picture>
        </char>
        <char code="0036" character="6">
            <picture format="png">iVBORw0KGgoAAAANSUhEUgAAAAYAAAAKCAYAAACXDi8zAAAACXBIWXMAAA7EAAAOxAGVKw4bAAAAPElEQVQImYWOQQoAMAjD2uH/v5wdhiLMMU9aTFsDaJiQJNsl5J/PfkNrsimiC0lHPzIPeFsFMLa6rL6tNhmQHgU8FwA1AAAAAElFTkSuQmCC</picture>
        </char>
        <char code="0037" character="7">
            <picture format="png">iVBORw0KGgoAAAANSUhEUgAAAAYAAAAKCAYAAACXDi8zAAAACXBIWXMAAA7EAAAOxAGVKw4bAAAANklEQVQImY2OsQ0AIAzDbMT/L4eJpS0SGWPFiknCEIEGkrDrQAVgTZoGVK5hTeW/agT13XNxAMN1FAqchfGwAAAAAElFTkSuQmCC</picture>
        </char>
        <char code="0038" character="8">
            <picture format="png">iVBORw0KGgoAAAANSUhEUgAAAAYAAAAKCAYAAACXDi8zAAAACXBIWXMAAA7EAAAOxAGVKw4bAAAANUlEQVQImbWMOw4AIBTCinn3v3IdjJ9BR5mAQKPKRQWQZBVzl+H3KQkq7YYBKPU3qs5w6onq0yEkBWbHohAAAAAASUVORK5CYII=</picture>
        </char>
        <char code="0039" character="9">
            <picture format="png">iVBORw0KGgoAAAANSUhEUgAAAAYAAAAKCAYAAACXDi8zAAAACXBIWXMAAA7EAAAOxAGVKw4bAAAAP0lEQVQImX3OSw4AIQgE0Wrj/a9cLoxj/E2vCIEHUeWSCpDka4y59HouJUGl3BiAqi7UcmOngB/q9dVBjTypBsNxGhLl3ayuAAAAAElFTkSuQmCC</picture>
        </char>
        <char code="003a" character=":">
            <picture format="png">iVBORw0KGgoAAAANSUhEUgAAAAIAAAAKCAYAAACe5Y9JAAAACXBIWXMAAA7EAAAOxAGVKw4bAAAAIUlEQVQImWP8////fwYGBgYmBihAMBgZGdFEoGrxSsFEABIKChCqr3KXAAAAAElFTkSuQmCC</picture>
        </char>
        <char code="003b" character=";">
            <picture format="png">iVBORw0KGgoAAAANSUhEUgAAAAMAAAAKCAYAAABxJ+R3AAAACXBIWXMAAA7EAAAOxAGVKw4bAAAAJklEQVQImWP8////fwYoYGJAAgQ4jIyMCA7MDEwZrAYwQrRA9AAA0TwLDtmOOCQAAAAASUVORK5CYII=</picture>
        </char>
        <char code="003c" character="&lt;">
            <picture format="png">iVBORw0KGgoAAAANSUhEUgAAAAUAAAAKCAYAAAB8OZQwAAAACXBIWXMAAA7EAAAOxAGVKw4bAAAANklEQVQImWWOQRIAMAwBV/7/Zz21E+oWJpZsm9LsQ1KakrhP0waAgK92bL+uAHXwQDuISUFvHaC6GgtzKxqAAAAAAElFTkSuQmCC</picture>
        </char>
        <char code="003d" character="=">
            <picture format="png">iVBORw0KGgoAAAANSUhEUgAAAAYAAAAKCAYAAACXDi8zAAAACXBIWXMAAA7EAAAOxAGVKw4bAAAAKklEQVQImWP8////fwYsgAmbIF4JRgYGBgyj/v//z8CCwwoydJDuKpwSAOU4EgTL0MSzAAAAAElFTkSuQmCC</picture>
        </char>
        <char code="003e" character=">">
            <picture format="png">iVBORw0KGgoAAAANSUhEUgAAAAUAAAAKCAYAAAB8OZQwAAAACXBIWXMAAA7EAAAOxAGVKw4bAAAAOklEQVQImW2OyQ0AMAzCDPvvTB9VL1Reka0kKEmoWFIznIQWBmjhNdxiQ0msn24AoLn5tvKn5rl5ZwCG9RoLKlM8ZgAAAABJRU5ErkJggg==</picture>
        </char>
        <char code="003f" character="?">
            <picture format="png">iVBORw0KGgoAAAANSUhEUgAAAAYAAAAKCAIAAAAYbLhkAAAACXBIWXMAAA7EAAAOxAGVKw4bAAAANUlEQVQImX2NSwoAIBBCn0P3v7ItBqyIcuUXZZsTA5DUomOFdWa77mGFdWVZ0YCew5x+WzsmVzMbB8d7IL4AAAAASUVORK5CYII=</picture>
        </char>
        <char code="0040" character="\x0040">
            <picture format="png">iVBORw0KGgoAAAANSUhEUgAAAAYAAAAKCAYAAACXDi8zAAAACXBIWXMAAA7EAAAOxAGVKw4bAAAAQ0lEQVQImW2PQRKAMAgDNx3+/+X1UK1omxOELAxR5aACSLKMJ5dZv1AS1En8KYDRm05+Bp2qUxqg1G3/On56ZWzOrQsXdx0Puopn7AAAAABJRU5ErkJggg==</picture>
        </char>
        <char code="0041" character="A">
            <picture format="png">iVBORw0KGgoAAAANSUhEUgAAAAYAAAAKCAYAAACXDi8zAAAACXBIWXMAAA7EAAAOxAGVKw4bAAAAO0lEQVQImX2PSQ7AIAwDZ1D//2X3UFHEEnKy4k02STjcA6D+j67zw8OkkoR2igFqYuuYiLXjGmW1o3S8StYVD7sPgLQAAAAASUVORK5CYII=</picture>
        </char>
        <char code="0042" character="B">
            <picture format="png">iVBORw0KGgoAAAANSUhEUgAAAAYAAAAKCAYAAACXDi8zAAAACXBIWXMAAA7EAAAOxAGVKw4bAAAAMUlEQVQImb2PQQoAIAzDUvH/X44nYcJ2tbfSEGhUaRLgGS63awFIgsrqNN9Uw41ZdQC8jh7+Rz8AMQAAAABJRU5ErkJggg==</picture>
        </char>
        <char code="0043" character="C">
            <picture format="png">iVBORw0KGgoAAAANSUhEUgAAAAYAAAAKCAYAAACXDi8zAAAACXBIWXMAAA7EAAAOxAGVKw4bAAAAPElEQVQImY2OQRIAIAgCofH/X94OjdWUBzkhoGIAFQhJsr2FzHnxs2RbgMZ7IkOfkegbWSSAslXcQ+vHBFC/GgsjOA10AAAAAElFTkSuQmCC</picture>
        </char>
        <char code="0044" character="D">
            <picture format="png">iVBORw0KGgoAAAANSUhEUgAAAAYAAAAKCAYAAACXDi8zAAAACXBIWXMAAA7EAAAOxAGVKw4bAAAAM0lEQVQIma2PQQoAMAzC4tj/v5ydBh20t3kTJWhUaRTgCW5vVwOQBJXVYYCfwbxquDGjDgdlFQSsTpW5AAAAAElFTkSuQmCC</picture>
        </char>
        <char code="0045" character="E">
            <picture format="png">iVBORw0KGgoAAAANSUhEUgAAAAYAAAAKCAYAAACXDi8zAAAACXBIWXMAAA7EAAAOxAGVKw4bAAAAMElEQVQImWP8////fwYsgJGBgQFD4v///wwsMAY6YMJmDFajYLqpYBTcVTi8gdsoAFlhGP6BseAtAAAAAElFTkSuQmCC</picture>
        </char>
        <char code="0046" character="F">
            <picture format="png">iVBORw0KGgoAAAANSUhEUgAAAAYAAAAKCAYAAACXDi8zAAAACXBIWXMAAA7EAAAOxAGVKw4bAAAAMElEQVQImWP8////fwYsgJGBgQFD4v///wwsMAY6YMJmDFajYLpJNwq3BA5v4NYBAHQfFQHgFu1BAAAAAElFTkSuQmCC</picture>
        </char>
        <char code="0047" character="G">
            <picture format="png">iVBORw0KGgoAAAANSUhEUgAAAAYAAAAKCAYAAACXDi8zAAAACXBIWXMAAA7EAAAOxAGVKw4bAAAAP0lEQVQImYWOQQoAIQzEJuL/vxwPi4pa2J5KJw2DaorpSQKsw+T49v0ERE27FRM6AmBpW0U/wdFKLVv1W/GrGp6vHQursgMDAAAAAElFTkSuQmCC</picture>
        </char>
        <char code="0048" character="H">
            <picture format="png">iVBORw0KGgoAAAANSUhEUgAAAAYAAAAKCAYAAACXDi8zAAAACXBIWXMAAA7EAAAOxAGVKw4bAAAALUlEQVQImWP8////fwYsgImRkRFFAMZnwqYarwQLsnYMCWT7ybeDEac/cOkAABAGCxg1TQakAAAAAElFTkSuQmCC</picture>
        </char>
        <char code="0049" character="I">
            <picture format="png">iVBORw0KGgoAAAANSUhEUgAAAAYAAAAKCAYAAACXDi8zAAAACXBIWXMAAA7EAAAOxAGVKw4bAAAALklEQVQImWP8////fwYsgJGBgQFD4v///wwsMA2MjIwMyJqZsBlDZQnCriLaKAATcRUErWCwfwAAAABJRU5ErkJggg==</picture>
        </char>
        <char code="004a" character="J">
            <picture format="png">iVBORw0KGgoAAAANSUhEUgAAAAYAAAAKCAYAAACXDi8zAAAACXBIWXMAAA7EAAAOxAGVKw4bAAAAMElEQVQImWP8////fwYsgAldgJGREbsETh2EJWBmEq2D5f///wzIumCuZ0HmEGUUAPLIDRQ31ANqAAAAAElFTkSuQmCC</picture>
        </char>
        <char code="004b" character="K">
            <picture format="png">iVBORw0KGgoAAAANSUhEUgAAAAYAAAAKCAIAAAAYbLhkAAAACXBIWXMAAA7EAAAOxAGVKw4bAAAAN0lEQVQImW2OSQ4AMAgCgf//mR5s0C6cHCIE2sYpkQzUrcmV0MUAdmo2qng2Kl9xuz4uP7vwaAFWBBgPz8l2EwAAAABJRU5ErkJggg==</picture>
        </char>
        <char code="004c" character="L">
            <picture format="png">iVBORw0KGgoAAAANSUhEUgAAAAYAAAAKCAYAAACXDi8zAAAACXBIWXMAAA7EAAAOxAGVKw4bAAAALUlEQVQImWP8////fwYsgImRkRGbOAMTVlE6STAyMDBgOPf///8MLDi8gdsoAFxrCw1IxpB2AAAAAElFTkSuQmCC</picture>
        </char>
        <char code="004d" character="M">
            <picture format="png">iVBORw0KGgoAAAANSUhEUgAAAAYAAAAKCAIAAAAYbLhkAAAACXBIWXMAAA7EAAAOxAGVKw4bAAAAMElEQVQImWP8//8/AypgYmRkhHOQ2QxwtVAGhIKTTAwYgAlNI0IIiypkwIjFXZiqADMNF/0CdZZ4AAAAAElFTkSuQmCC</picture>
        </char>
        <char code="004e" character="N">
            <picture format="png">iVBORw0KGgoAAAANSUhEUgAAAAYAAAAKCAIAAAAYbLhkAAAACXBIWXMAAA7EAAAOxAGVKw4bAAAANUlEQVQImXWOMQ4AIAwCgf//GQcbrKkyQXOE0jZuiWTC9oo7FIYEwHYHi+rXTzFg7T7+msUFgJ4PEyQv8T4AAAAASUVORK5CYII=</picture>
        </char>
        <char code="004f" character="O">
            <picture format="png">iVBORw0KGgoAAAANSUhEUgAAAAYAAAAKCAYAAACXDi8zAAAACXBIWXMAAA7EAAAOxAGVKw4bAAAAOElEQVQIma2OqQ0AMQwEZyP33/IciPIAg4Az2l+OKs0VQJItrFwmPqUkqIxuBvjTKLX9qm7yNPUBeoIXC73ZbGYAAAAASUVORK5CYII=</picture>
        </char>
        <char code="0050" character="P">
            <picture format="png">iVBORw0KGgoAAAANSUhEUgAAAAYAAAAKCAYAAACXDi8zAAAACXBIWXMAAA7EAAAOxAGVKw4bAAAANUlEQVQImZWPQQoAMAzC4tj/v5ydChu0h3kTNWBUaRTgCaq3bwOQBJXVYf5QpRE1B8ONeXEAlj0YAWjW58cAAAAASUVORK5CYII=</picture>
        </char>
        <char code="0051" character="Q">
            <picture format="png">iVBORw0KGgoAAAANSUhEUgAAAAYAAAAKCAYAAACXDi8zAAAACXBIWXMAAA7EAAAOxAGVKw4bAAAAPElEQVQImaWOOQ4AIAzDHMT/v2wGxDFULHRKk7RyVCmmAyTZxupl6nOUBJVWvQF+ghsAIKoVVb+XJ9UqDSpuHgdX78SIAAAAAElFTkSuQmCC</picture>
        </char>
        <char code="0052" character="R">
            <picture format="png">iVBORw0KGgoAAAANSUhEUgAAAAYAAAAKCAYAAACXDi8zAAAACXBIWXMAAA7EAAAOxAGVKw4bAAAAMklEQVQIma2PSQoAIAwDJ+L/vzyehArtzdxCNhJVGgR4hOvblQAkQWV1NZ+r5o3px5g4+Pgb/xr8vQYAAAAASUVORK5CYII=</picture>
        </char>
        <char code="0053" character="S">
            <picture format="png">iVBORw0KGgoAAAANSUhEUgAAAAYAAAAKCAYAAACXDi8zAAAACXBIWXMAAA7EAAAOxAGVKw4bAAAAP0lEQVQImY2OSQ4AIAgDW8P/vzweDIrLwZ6ADJMaQI+EJNmeh+Q85vVkW4DaqUgogKcq6rKpKr21+lZlrlaZDjJ+JgnAAniWAAAAAElFTkSuQmCC</picture>
        </char>
        <char code="0054" character="T">
            <picture format="png">iVBORw0KGgoAAAANSUhEUgAAAAYAAAAKCAYAAACXDi8zAAAACXBIWXMAAA7EAAAOxAGVKw4bAAAALklEQVQImWP8////fwYsgJGBgQFD4v///wwsMA2MjIwMyJqZsBlDdwl07+DUAQAWRxEHpQC9YQAAAABJRU5ErkJggg==</picture>
        </char>
        <char code="0055" character="U">
            <picture format="png">iVBORw0KGgoAAAANSUhEUgAAAAYAAAAKCAYAAACXDi8zAAAACXBIWXMAAA7EAAAOxAGVKw4bAAAALUlEQVQImWP8////fwYsgImRkRFFAMZnwqaaXhIs////Z0B2Gcz1LMgcoowCAPP0DRR1G2i2AAAAAElFTkSuQmCC</picture>
        </char>
        <char code="0056" character="V">
            <picture format="png">iVBORw0KGgoAAAANSUhEUgAAAAYAAAAKCAYAAACXDi8zAAAACXBIWXMAAA7EAAAOxAGVKw4bAAAAOElEQVQImYWPQRIAIAgCwf//eTvZWKPlTYQdNICaCduHkHt0bkkKYLtsK8lz4nlIXC34R93vjIkFWvoTEPlay60AAAAASUVORK5CYII=</picture>
        </char>
        <char code="0057" character="W">
            <picture format="png">iVBORw0KGgoAAAANSUhEUgAAAAYAAAAKCAYAAACXDi8zAAAACXBIWXMAAA7EAAAOxAGVKw4bAAAANElEQVQImZ2PQQoAIAzDGv//53gSVDYQeylrR6CoptAAjmDdo/p+K27kB0oNkN2ThHZHh5rxNRERT5GyuAAAAABJRU5ErkJggg==</picture>
        </char>
        <char code="0058" character="X">
            <picture format="png">iVBORw0KGgoAAAANSUhEUgAAAAYAAAAKCAYAAACXDi8zAAAACXBIWXMAAA7EAAAOxAGVKw4bAAAAQElEQVQImXWPQRIAIAgCWf//Zzo0mjnljR1ExLb1mAAukDpslwCUATGdFSWpXP1cdHffqqhZjs0OzAJ8/3hBSVol0R4Mbk3+aQAAAABJRU5ErkJggg==</picture>
        </char>
        <char code="0059" character="Y">
            <picture format="png">iVBORw0KGgoAAAANSUhEUgAAAAYAAAAKCAYAAACXDi8zAAAACXBIWXMAAA7EAAAOxAGVKw4bAAAAN0lEQVQImaWPOw4AIAxCgfvf+TnZaGMn2aB8UgPogdi+hM0DFLGtXZDurCpJ5TrnogEfh/7OmFgczRMQmWOzfwAAAABJRU5ErkJggg==</picture>
        </char>
        <char code="005a" character="Z">
            <picture format="png">iVBORw0KGgoAAAANSUhEUgAAAAYAAAAKCAYAAACXDi8zAAAACXBIWXMAAA7EAAAOxAGVKw4bAAAAN0lEQVQImY2OMQ4AIAwCj8b/fxknm1gZZDwgINsmSMBj2GbNgiQAasITrATbmLDH07H/V9dG0gYoCR8Cy+ZxHAAAAABJRU5ErkJggg==</picture>
        </char>
        <char code="005b" character="[">
            <picture format="png">iVBORw0KGgoAAAANSUhEUgAAAAMAAAAKCAYAAABxJ+R3AAAACXBIWXMAAA7EAAAOxAGVKw4bAAAAKElEQVQIma3NsREAMAyDwFcu+6+sFDlvYCqoCAptnRH8GHYiCbjzgAdWxQoP2zdxegAAAABJRU5ErkJggg==</picture>
        </char>
        <char code="005c" character="\">
            <picture format="png">iVBORw0KGgoAAAANSUhEUgAAAAUAAAAKCAIAAADzWwNnAAAACXBIWXMAAA7EAAAOxAGVKw4bAAAAL0lEQVQImWP8//8/AxJgZGBgQBZiYkAFTP///2dkZMQtD9EPV4JNHlkJujwjmnsAStoSCUMfLcMAAAAASUVORK5CYII=</picture>
        </char>
        <char code="005d" character="]">
            <picture format="png">iVBORw0KGgoAAAANSUhEUgAAAAMAAAAKCAYAAABxJ+R3AAAACXBIWXMAAA7EAAAOxAGVKw4bAAAAJ0lEQVQImaXNsQ0AMAjEQD9i/5WdKoged1c5gAAqpfIrVnckGfT+PGLFCg9flYC8AAAAAElFTkSuQmCC</picture>
        </char>
        <char code="005e" character="^">
            <picture format="png">iVBORw0KGgoAAAANSUhEUgAAAAYAAAAKCAYAAACXDi8zAAAACXBIWXMAAA7EAAAOxAGVKw4bAAAALklEQVQImWP8////fwYsgAnGYGRkxJRgZGRk+P//P4okIwMDA4ppcEUE7RgICQDdJhIM90VllQAAAABJRU5ErkJggg==</picture>
        </char>
        <char code="005f" character="_">
            <picture format="png">iVBORw0KGgoAAAANSUhEUgAAAAYAAAAKCAYAAACXDi8zAAAACXBIWXMAAA7EAAAOxAGVKw4bAAAAHElEQVQImWP8////fwYsgAmb4BCUYGRgYMDqQQD53wUOPp5ObQAAAABJRU5ErkJggg==</picture>
        </char>
        <char code="0060" character="`">
            <picture format="png">iVBORw0KGgoAAAANSUhEUgAAAAMAAAAKCAYAAABxJ+R3AAAACXBIWXMAAA7EAAAOxAGVKw4bAAAAJUlEQVQIma3JsQ0AAAiEQN79d8bCGBeQ7kIAVQBKJcmAWYftFw1zrgoNo1XbdQAAAABJRU5ErkJggg==</picture>
        </char>
        <char code="0061" character="a">
            <picture format="png">iVBORw0KGgoAAAANSUhEUgAAAAYAAAAKCAYAAACXDi8zAAAACXBIWXMAAA7EAAAOxAGVKw4bAAAAOUlEQVQImYWOSQ4AIBDCqJn/fxlPGheic4S0DLatcC2FzwJJm2qY65wAZFsFRFWt+CBmkahr4/tuB04YFBXdpMsFAAAAAElFTkSuQmCC</picture>
        </char>
        <char code="0062" character="b">
            <picture format="png">iVBORw0KGgoAAAANSUhEUgAAAAYAAAAKCAYAAACXDi8zAAAACXBIWXMAAA7EAAAOxAGVKw4bAAAANklEQVQImZ2PMQoAIBDDksP/f7lOgsLdYrdmSKlJQpNSO061FBB4VMe87gKgkmRWfWwMN2bVBhcQFQeq8doRAAAAAElFTkSuQmCC</picture>
        </char>
        <char code="0063" character="c">
            <picture format="png">iVBORw0KGgoAAAANSUhEUgAAAAYAAAAKCAYAAACXDi8zAAAACXBIWXMAAA7EAAAOxAGVKw4bAAAAPElEQVQImY2O0QoAIAgDt/D/f/l6CCtQIp90k9sMoGZGJz6NkCTbW0iy135ibAuoqHwqRmIDaDPiPr7qTse+GgswRNKmAAAAAElFTkSuQmCC</picture>
        </char>
        <char code="0064" character="d">
            <picture format="png">iVBORw0KGgoAAAANSUhEUgAAAAYAAAAKCAYAAACXDi8zAAAACXBIWXMAAA7EAAAOxAGVKw4bAAAANUlEQVQImYWPQQoAIBACnej/X7ZTsBsueVRxENtW0HoNIAdXu7ZaAKhivlMzw3ZmSFK6Mk4d/S4NHgdmOTIAAAAASUVORK5CYII=</picture>
        </char>
        <char code="0065" character="e">
            <picture format="png">iVBORw0KGgoAAAANSUhEUgAAAAYAAAAKCAYAAACXDi8zAAAACXBIWXMAAA7EAAAOxAGVKw4bAAAAO0lEQVQImX2OQQ4AIAjDNsP/v1wPRowB5URGWmYANTO68HsISbKdwTZ77eeNbQGVuFRdsQAKkaqOeNadlyIaD6Yg+mEAAAAASUVORK5CYII=</picture>
        </char>
        <char code="0066" character="f">
            <picture format="png">iVBORw0KGgoAAAANSUhEUgAAAAUAAAAKCAYAAAB8OZQwAAAACXBIWXMAAA7EAAAOxAGVKw4bAAAAOElEQVQImXWOwQ0AMQjDnKr7r+x7nKgqRPMKBgJRpWkDJDlA/WEVpQD2xipzT65+5AnHzD28Oa9/Te0bALOzO2oAAAAASUVORK5CYII=</picture>
        </char>
        <char code="0067" character="g">
            <picture format="png">iVBORw0KGgoAAAANSUhEUgAAAAYAAAAKCAYAAACXDi8zAAAACXBIWXMAAA7EAAAOxAGVKw4bAAAAOUlEQVQImZ3OMQoAMAhD0aR4/yv/TkqL0qGOSeBpAA23pvBZhCTZvkJAYVsnk6MPA2hG4ZPRvsrRBtnKEx2IPLeeAAAAAElFTkSuQmCC</picture>
        </char>
        <char code="0068" character="h">
            <picture format="png">iVBORw0KGgoAAAANSUhEUgAAAAYAAAAKCAYAAACXDi8zAAAACXBIWXMAAA7EAAAOxAGVKw4bAAAANklEQVQImZWPQQoAMAzCkrL/f9mdBhu0h3lTMaBJQqNSu5xqU0DgQR3yug2ASpIZ9V84/pgWG1N6Egj1KknGAAAAAElFTkSuQmCC</picture>
        </char>
        <char code="0069" character="i">
            <picture format="png">iVBORw0KGgoAAAANSUhEUgAAAAQAAAAKCAYAAACT+/8OAAAACXBIWXMAAA7EAAAOxAGVKw4bAAAAMklEQVQImWP8////fwYkwMTAwMDAyMiIKoCsiJGBgeE/siATmhEQLXgF4GbAzGEhaAYACREVAm6llqMAAAAASUVORK5CYII=</picture>
        </char>
        <char code="006a" character="j">
            <picture format="png">iVBORw0KGgoAAAANSUhEUgAAAAQAAAAKCAYAAACT+/8OAAAACXBIWXMAAA7EAAAOxAGVKw4bAAAALklEQVQImaWNuQ0AMAwCwfvvfKmwcB0qdOIxgEoTY/uCBC2JhgOoZ7byAfYlww80txUAJ7nFKwAAAABJRU5ErkJggg==</picture>
        </char>
        <char code="006b" character="k">
            <picture format="png">iVBORw0KGgoAAAANSUhEUgAAAAYAAAAKCAYAAACXDi8zAAAACXBIWXMAAA7EAAAOxAGVKw4bAAAAOUlEQVQImXWPQQ4AMAjCwOz/X+5OS3RBjsUAGkBBZTtxVaS/YVsv4XTY6+rBGAUIGAejo5te/9jmXiE5FBZUdxdHAAAAAElFTkSuQmCC</picture>
        </char>
        <char code="006c" character="l">
            <picture format="png">iVBORw0KGgoAAAANSUhEUgAAAAYAAAAKCAYAAACXDi8zAAAACXBIWXMAAA7EAAAOxAGVKw4bAAAAMElEQVQImWP8////fwYsgJGBgQEugayG6f///wzYNDFhM4bKEiiuQnYdCw5v4DYKAD93FP9MK1h7AAAAAElFTkSuQmCC</picture>
        </char>
        <char code="006d" character="m">
            <picture format="png">iVBORw0KGgoAAAANSUhEUgAAAAYAAAAKCAYAAACXDi8zAAAACXBIWXMAAA7EAAAOxAGVKw4bAAAALUlEQVQImWP8////fwYsgAmbIF4JRgYGBgyj/v//D9EBswbZOtLtwG05yf4AAFoZEgB2tia0AAAAAElFTkSuQmCC</picture>
        </char>
        <char code="006e" character="n">
            <picture format="png">iVBORw0KGgoAAAANSUhEUgAAAAYAAAAKCAYAAACXDi8zAAAACXBIWXMAAA7EAAAOxAGVKw4bAAAAMklEQVQImZ2PQQoAIBACx+j/X55OQcEWlDcVRowqhVoVXosAG2qS+2oAkqB+bJzHn38MUN0SBXshfqwAAAAASUVORK5CYII=</picture>
        </char>
        <char code="006f" character="o">
            <picture format="png">iVBORw0KGgoAAAANSUhEUgAAAAYAAAAKCAYAAACXDi8zAAAACXBIWXMAAA7EAAAOxAGVKw4bAAAAOElEQVQImZ2NOQoAMRDDrCX//7JSLDmKIYS48gEWqin0VeVxaEkCzGI88/uFAaK+MNSS0fZwddUBhvoXCzp10VYAAAAASUVORK5CYII=</picture>
        </char>
        <char code="0070" character="p">
            <picture format="png">iVBORw0KGgoAAAANSUhEUgAAAAYAAAAKCAYAAACXDi8zAAAACXBIWXMAAA7EAAAOxAGVKw4bAAAAMElEQVQImbWNMQoAIBDDUvH/X46TcMKhk93aQBpVmoxuvIIAh2qbZy0ASVC/fjxVCwh/FQQmscr4AAAAAElFTkSuQmCC</picture>
        </char>
        <char code="0071" character="q">
            <picture format="png">iVBORw0KGgoAAAANSUhEUgAAAAYAAAAKCAYAAACXDi8zAAAACXBIWXMAAA7EAAAOxAGVKw4bAAAANElEQVQImZ3NQQoAIAACwTX6/5e3U1EUQXlUYaLKIeVUXocKkGQpVWoSZqafPgx1Mwb+ZDTEdBAbfNJt9QAAAABJRU5ErkJggg==</picture>
        </char>
        <char code="0072" character="r">
            <picture format="png">iVBORw0KGgoAAAANSUhEUgAAAAYAAAAKCAYAAACXDi8zAAAACXBIWXMAAA7EAAAOxAGVKw4bAAAAM0lEQVQImWP8////fwYsgAmbIF4JRgYGBgyj/v//z8ACY8BVMjJiNwqmiHTLmXB4A7cOANh5EQdEN1hcAAAAAElFTkSuQmCC</picture>
        </char>
        <char code="0073" character="s">
            <picture format="png">iVBORw0KGgoAAAANSUhEUgAAAAYAAAAKCAYAAACXDi8zAAAACXBIWXMAAA7EAAAOxAGVKw4bAAAANElEQVQImY2OOw4AMAhCH433vzKdXNTYMhF+QbbNgDOJqyGgTdkmkvw3aloSAJGkojWedy9rjhULnZNAOgAAAABJRU5ErkJggg==</picture>
        </char>
        <char code="0074" character="t">
            <picture format="png">iVBORw0KGgoAAAANSUhEUgAAAAUAAAAKCAYAAAB8OZQwAAAACXBIWXMAAA7EAAAOxAGVKw4bAAAANklEQVQImX2OOQ4AIADCivH/X66TxpuJkBSIKpsKQJIz3BVgwVVKr1Tp/oq/Q5Uk40WdB754A305FwePOD4NAAAAAElFTkSuQmCC</picture>
        </char>
        <char code="0075" character="u">
            <picture format="png">iVBORw0KGgoAAAANSUhEUgAAAAYAAAAKCAYAAACXDi8zAAAACXBIWXMAAA7EAAAOxAGVKw4bAAAANElEQVQImZ2PMQ4AIBDCirn/f7lODprTQTZoAiGqNBpd+AZJtmD5j6obKJVzB6AAuivXqglIcwoXXxS74QAAAABJRU5ErkJggg==</picture>
        </char>
        <char code="0076" character="v">
            <picture format="png">iVBORw0KGgoAAAANSUhEUgAAAAYAAAAKCAYAAACXDi8zAAAACXBIWXMAAA7EAAAOxAGVKw4bAAAAOElEQVQImZ2POw4AMAhCed7/znTS2MZ2KBsY+WDbGhCT+D4Am5A8bBcBlJEfGZKUdr15fZxzrlYLLgoTEOmvufkAAAAASUVORK5CYII=</picture>
        </char>
        <char code="0077" character="w">
            <picture format="png">iVBORw0KGgoAAAANSUhEUgAAAAYAAAAKCAYAAACXDi8zAAAACXBIWXMAAA7EAAAOxAGVKw4bAAAAMUlEQVQImZ2PwQnAMBDDpOy/s/It5VpI/BFYYLBVDFlT+S9UAN68mPoUFSpPAnj8YwPwVBERNlKB9QAAAABJRU5ErkJggg==</picture>
        </char>
        <char code="0078" character="x">
            <picture format="png">iVBORw0KGgoAAAANSUhEUgAAAAYAAAAKCAYAAACXDi8zAAAACXBIWXMAAA7EAAAOxAGVKw4bAAAAPUlEQVQImZXPQQrAQAhD0af3v3O6ssgwFOoqiR+DlSQu07fwc1EIJFFVRvdZMb43vaHGG84p6G0Ggvr9xwMKoh4G74MhbwAAAABJRU5ErkJggg==</picture>
        </char>
        <char code="0079" character="y">
            <picture format="png">iVBORw0KGgoAAAANSUhEUgAAAAYAAAAKCAYAAACXDi8zAAAACXBIWXMAAA7EAAAOxAGVKw4bAAAAOElEQVQImZ2POwoAMAxCnyX3v7KdAklJO9TND4qybQasSXwbkpqQ/KPqZoRtzh2AAKhXMhSV1NAGXikNHNtHanEAAAAASUVORK5CYII=</picture>
        </char>
        <char code="007a" character="z">
            <picture format="png">iVBORw0KGgoAAAANSUhEUgAAAAYAAAAKCAYAAACXDi8zAAAACXBIWXMAAA7EAAAOxAGVKw4bAAAANElEQVQImY2OQQoAIBACden/X55ORZTEenME1QAKqgS/gSU9VYDGOWFby1eCO7hhf6N1dwJvtRsEqwkIkwAAAABJRU5ErkJggg==</picture>
        </char>
        <char code="007b" character="{">
            <picture format="png">iVBORw0KGgoAAAANSUhEUgAAAAQAAAAKCAYAAACT+/8OAAAACXBIWXMAAA7EAAAOxAGVKw4bAAAAM0lEQVQImXWMQQoAIAzDUv//53gYk4HaW0PaqAIkQWXNAhSYuUCAvilDJcl/8gZzdow+3gY6FwhfjAsUAAAAAElFTkSuQmCC</picture>
        </char>
        <char code="007c" character="|">
            <picture format="png">iVBORw0KGgoAAAANSUhEUgAAAAMAAAAKCAYAAABxJ+R3AAAACXBIWXMAAA7EAAAOxAGVKw4bAAAAIElEQVQImWP4////fwYGhv//////z8SABGjNgdjLwAAAa+UMB97SpggAAAAASUVORK5CYII=</picture>
        </char>
        <char code="007d" character="}">
            <picture format="png">iVBORw0KGgoAAAANSUhEUgAAAAQAAAAKCAYAAACT+/8OAAAACXBIWXMAAA7EAAAOxAGVKw4bAAAAL0lEQVQImYWOQQoAMAyDtP//c3YqK6Mwj0IkAklCU0lQr+BhF3NWACod/jdcf0wO+0kUCJh8NeEAAAAASUVORK5CYII=</picture>
        </char>
        <char code="007e" character="~">
            <picture format="png">iVBORw0KGgoAAAANSUhEUgAAAAYAAAAKCAYAAACXDi8zAAAACXBIWXMAAA7EAAAOxAGVKw4bAAAAMUlEQVQIma2NMQoAIBDDGv//5ziI53IIgh1b0qCaJqMrrwNJ6koNEHURWwMc4p/8fZjS1RIGHBPzeAAAAABJRU5ErkJggg==</picture>
        </char>
        <char code="00b0" character="°">
            <picture format="png">iVBORw0KGgoAAAANSUhEUgAAAAUAAAAKCAYAAAB8OZQwAAAACXBIWXMAAA7EAAAOxAGVKw4bAAAAMUlEQVQImbWLMQoAIBDDUrn/fzkOKojcaqamkKgmAUAFIGtvSVAZNJTKm9cthzb/cU4VURcJIx5E0QAAAABJRU5ErkJggg==</picture>
        </char>
    </chars>
</data>
