<?xml version="1.0" encoding="utf-8"?>
<data type="font" name="square_small">
    <family>Square Pixel7</family>
    <size>10</size>
    <style>Normal</style>
    <widthType>proportional</widthType>
    <antialiasing>false</antialiasing>
    <alphaChannel>false</alphaChannel>
    <string> !"#$%&amp;'()*+,-./0123456789:;&lt;=>?\x0040ABCDEFGHIJKLMNOPQRSTUVWXYZ[\]^_`abcdefghijklmnopqrstuvwxyz{|}~°</string>
    <converted>C:/ArduinoSketches/libraries/TFT_ILI9163C/_utility/for_LCD_Font_Converter/FontFiles/square_small.c</converted>
    <chars>
        <char code="0020" character=" ">
            <picture format="png">iVBORw0KGgoAAAANSUhEUgAAAAMAAAAHCAYAAADNufepAAAACXBIWXMAAA7EAAAOxAGVKw4bAAAAFUlEQVQImWP8////fwYoYGJAAhRzAGOFBAqWeVzAAAAAAElFTkSuQmCC</picture>
        </char>
        <char code="0021" character="!">
            <picture format="png">iVBORw0KGgoAAAANSUhEUgAAAAIAAAAHCAIAAACtGQvAAAAACXBIWXMAAA7EAAAOxAGVKw4bAAAAGklEQVQImWP8//8/AwT8//+fCcJCpRhRlAAAJgEL/UrlBRUAAAAASUVORK5CYII=</picture>
        </char>
        <char code="0022" character="&quot;">
            <picture format="png">iVBORw0KGgoAAAANSUhEUgAAAAQAAAAHCAYAAAAvZezQAAAACXBIWXMAAA7EAAAOxAGVKw4bAAAAIUlEQVQImWP8////fwYkwMTIyMjAwMDAAKcxVDCgATIEAB60CAtf8Qr8AAAAAElFTkSuQmCC</picture>
        </char>
        <char code="0023" character="#">
            <picture format="png">iVBORw0KGgoAAAANSUhEUgAAAAYAAAAHCAYAAAArkDztAAAACXBIWXMAAA7EAAAOxAGVKw4bAAAAL0lEQVQImZ3OsQ0AIQDDwAv77xwqJPQPDWlc2Ura1mEDktgJwc9oa6zSlw/G7dUEMEMh79G62uMAAAAASUVORK5CYII=</picture>
        </char>
        <char code="0024" character="$">
            <picture format="png">iVBORw0KGgoAAAANSUhEUgAAAAYAAAAHCAYAAAArkDztAAAACXBIWXMAAA7EAAAOxAGVKw4bAAAANUlEQVQImY2OQQoAIAzDUvH/X44XpyII7rIUunZRBUjCRAACbDVHpRXULn5fnK6vjr4yr68GJU4q6L2pVFsAAAAASUVORK5CYII=</picture>
        </char>
        <char code="0025" character="%">
            <picture format="png">iVBORw0KGgoAAAANSUhEUgAAAAYAAAAHCAIAAACk8qu6AAAACXBIWXMAAA7EAAAOxAGVKw4bAAAAL0lEQVQImWP8//8/A1bw//9/iNz///+Z4KKMjIwQURgF40O1wEmoRhR5iAmYNgIA9DUj7flsXgwAAAAASUVORK5CYII=</picture>
        </char>
        <char code="0026" character="&amp;">
            <picture format="png">iVBORw0KGgoAAAANSUhEUgAAAAYAAAAHCAYAAAArkDztAAAACXBIWXMAAA7EAAAOxAGVKw4bAAAAK0lEQVQImWP8////fwYsgJGBgQFFAqaOCcZB14ihA6YQQweMxqmDBYejGADVRyHrjWhLqgAAAABJRU5ErkJggg==</picture>
        </char>
        <char code="0027" character="'">
            <picture format="png">iVBORw0KGgoAAAANSUhEUgAAAAIAAAAHCAYAAAAie5yXAAAACXBIWXMAAA7EAAAOxAGVKw4bAAAAIUlEQVQImX3IoREAMBDDMCX775ySxzXSOdsGTQJ6Q10fPHQwBwqq2FX9AAAAAElFTkSuQmCC</picture>
        </char>
        <char code="0028" character="(">
            <picture format="png">iVBORw0KGgoAAAANSUhEUgAAAAMAAAAHCAYAAADNufepAAAACXBIWXMAAA7EAAAOxAGVKw4bAAAAKklEQVQImVXLsQ0AIBDDwMvvv3MoQAjcWZbTtg4DSUBw43j4pe19xp7AAq4cDgXUaCxdAAAAAElFTkSuQmCC</picture>
        </char>
        <char code="0029" character=")">
            <picture format="png">iVBORw0KGgoAAAANSUhEUgAAAAMAAAAHCAYAAADNufepAAAACXBIWXMAAA7EAAAOxAGVKw4bAAAAKElEQVQImVWMMRIAIAyDSP7/Z1y0V9lgIKpcmoQRlRfK4pMA8+iacQCT3w4Fcuz6cAAAAABJRU5ErkJggg==</picture>
        </char>
        <char code="002a" character="*">
            <picture format="png">iVBORw0KGgoAAAANSUhEUgAAAAQAAAAHCAIAAACgB3uHAAAACXBIWXMAAA7EAAAOxAGVKw4bAAAAIUlEQVQImWP8//8/AzKA8P///49gQZXA+YzIepiQNaNwACtVGuy4YB4GAAAAAElFTkSuQmCC</picture>
        </char>
        <char code="002b" character="+">
            <picture format="png">iVBORw0KGgoAAAANSUhEUgAAAAQAAAAHCAYAAAAvZezQAAAACXBIWXMAAA7EAAAOxAGVKw4bAAAALElEQVQImW2MQQoAMAzCov//c3bqKGO5iIKJKovyUIAkdwhwLyodxWR3+UoPFocQ/5yWm8AAAAAASUVORK5CYII=</picture>
        </char>
        <char code="002c" character=",">
            <picture format="png">iVBORw0KGgoAAAANSUhEUgAAAAIAAAAHCAYAAAAie5yXAAAACXBIWXMAAA7EAAAOxAGVKw4bAAAAHElEQVQImWP8////fwYGBgYmBijAx2BkZEQVAQDzNgQNM/m58gAAAABJRU5ErkJggg==</picture>
        </char>
        <char code="002d" character="-">
            <picture format="png">iVBORw0KGgoAAAANSUhEUgAAAAQAAAAHCAYAAAAvZezQAAAACXBIWXMAAA7EAAAOxAGVKw4bAAAAJklEQVQImWP8////fwYkwMSABjAEGBkYGOBa/v//z8CCZgQRZgAAR8ALBFbHRMYAAAAASUVORK5CYII=</picture>
        </char>
        <char code="002e" character=".">
            <picture format="png">iVBORw0KGgoAAAANSUhEUgAAAAIAAAAHCAIAAACtGQvAAAAACXBIWXMAAA7EAAAOxAGVKw4bAAAAHklEQVQImWP8//8/AwMDEwMDAy6KgYGB4f///1AeAKjEBgaWp6RPAAAAAElFTkSuQmCC</picture>
        </char>
        <char code="002f" character="/">
            <picture format="png">iVBORw0KGgoAAAANSUhEUgAAAAYAAAAHCAIAAACk8qu6AAAACXBIWXMAAA7EAAAOxAGVKw4bAAAALElEQVQImWWNsQ0AMAyDIP//7A7tkKTeQLIwCXPVQR1KvY9a/FRnQGAV/IsHa1MSBhozgMwAAAAASUVORK5CYII=</picture>
        </char>
        <char code="0030" character="0">
            <picture format="png">iVBORw0KGgoAAAANSUhEUgAAAAYAAAAHCAIAAACk8qu6AAAACXBIWXMAAA7EAAAOxAGVKw4bAAAAJklEQVQImWP8//8/A37w//9/JgiFrJYJQjEyMsJFmdD42M3CIg8AhSAX95RTQ64AAAAASUVORK5CYII=</picture>
        </char>
        <char code="0031" character="1">
            <picture format="png">iVBORw0KGgoAAAANSUhEUgAAAAMAAAAHCAIAAABC22D+AAAACXBIWXMAAA7EAAAOxAGVKw4bAAAAHUlEQVQImWP8//8/AzL4//8/E1yMCS6MjcUIVwcAD7wL/80PNDQAAAAASUVORK5CYII=</picture>
        </char>
        <char code="0032" character="2">
            <picture format="png">iVBORw0KGgoAAAANSUhEUgAAAAYAAAAHCAYAAAArkDztAAAACXBIWXMAAA7EAAAOxAGVKw4bAAAALUlEQVQImZ2NMQoAMBCDDNz/v2ynLNdOdRKCJKo8CHANKrODJABMZTNN/z/KAc0/FQVQo3HAAAAAAElFTkSuQmCC</picture>
        </char>
        <char code="0033" character="3">
            <picture format="png">iVBORw0KGgoAAAANSUhEUgAAAAYAAAAHCAYAAAArkDztAAAACXBIWXMAAA7EAAAOxAGVKw4bAAAAK0lEQVQIma3LsQkAQAzDQBmy/8pKlSb/Za4yGEWVjwDPoVI7SAJAzdgOitFZhhESyYmqfQAAAABJRU5ErkJggg==</picture>
        </char>
        <char code="0034" character="4">
            <picture format="png">iVBORw0KGgoAAAANSUhEUgAAAAYAAAAHCAYAAAArkDztAAAACXBIWXMAAA7EAAAOxAGVKw4bAAAALUlEQVQImWP8////fwYsgImRkRFFAMZnwqaagYGBgQVZFYoEuhUEjcKQgJkAAKpuChRcGhiYAAAAAElFTkSuQmCC</picture>
        </char>
        <char code="0035" character="5">
            <picture format="png">iVBORw0KGgoAAAANSUhEUgAAAAYAAAAHCAYAAAArkDztAAAACXBIWXMAAA7EAAAOxAGVKw4bAAAALUlEQVQImY2LMQ4AQAiDaOL/v8xNLupwTCQtUeUgwBpUquW/mO8kAFTLZBXNA5LEFQVbgHRZAAAAAElFTkSuQmCC</picture>
        </char>
        <char code="0036" character="6">
            <picture format="png">iVBORw0KGgoAAAANSUhEUgAAAAYAAAAHCAYAAAArkDztAAAACXBIWXMAAA7EAAAOxAGVKw4bAAAAL0lEQVQImZ2OQQoAIAzDUtj/vxwPMhioF3NqCYVGlQsBDqFSHf4XSQC26DKpxykWhsQVBc3TYs4AAAAASUVORK5CYII=</picture>
        </char>
        <char code="0037" character="7">
            <picture format="png">iVBORw0KGgoAAAANSUhEUgAAAAYAAAAHCAYAAAArkDztAAAACXBIWXMAAA7EAAAOxAGVKw4bAAAAK0lEQVQIma2NsQ0AMAyDcNX/XyZTlzRjWBF2VBkI8AmV24MkAJxpZkm8zwJLLQ4EBx1oJAAAAABJRU5ErkJggg==</picture>
        </char>
        <char code="0038" character="8">
            <picture format="png">iVBORw0KGgoAAAANSUhEUgAAAAYAAAAHCAYAAAArkDztAAAACXBIWXMAAA7EAAAOxAGVKw4bAAAAMElEQVQImWP8////fwYsgJGBgQFD4v///wwsMAZcJSMjAwMDA0QCxkEGZOjA4SgGAEGGERItK+TEAAAAAElFTkSuQmCC</picture>
        </char>
        <char code="0039" character="9">
            <picture format="png">iVBORw0KGgoAAAANSUhEUgAAAAYAAAAHCAYAAAArkDztAAAACXBIWXMAAA7EAAAOxAGVKw4bAAAAMklEQVQImW2NQQoAMAzCIuz/X84Oo2VszUlRMaoMBPgClVWimwnACcrcrPeiF1N7XBQbTYYRElaEFawAAAAASUVORK5CYII=</picture>
        </char>
        <char code="003a" character=":">
            <picture format="png">iVBORw0KGgoAAAANSUhEUgAAAAIAAAAHCAYAAAAie5yXAAAACXBIWXMAAA7EAAAOxAGVKw4bAAAAIElEQVQImWP8////fwYGBgYmBihgYmRkhDCgMthEYIoBiUsKCpIIZCQAAAAASUVORK5CYII=</picture>
        </char>
        <char code="003b" character=";">
            <picture format="png">iVBORw0KGgoAAAANSUhEUgAAAAIAAAAHCAIAAACtGQvAAAAACXBIWXMAAA7EAAAOxAGVKw4bAAAAG0lEQVQImWP8//8/AwMDEwMc/P//nxGbIJQHAE/JC/1twsMYAAAAAElFTkSuQmCC</picture>
        </char>
        <char code="003c" character="&lt;">
            <picture format="png">iVBORw0KGgoAAAANSUhEUgAAAAMAAAAHCAIAAABC22D+AAAACXBIWXMAAA7EAAAOxAGVKw4bAAAAJklEQVQImW3LIQIAMAyDwEv//+dMbHXDYCBtgbEMkiB4wVXbfI4DAVwO/lk4G/AAAAAASUVORK5CYII=</picture>
        </char>
        <char code="003d" character="=">
            <picture format="png">iVBORw0KGgoAAAANSUhEUgAAAAQAAAAHCAYAAAAvZezQAAAACXBIWXMAAA7EAAAOxAGVKw4bAAAAJklEQVQImWP8////fwYkwMSABhgZGBjgKv7//8/AgqaDCBUYhgIAu3wR/vt5QHwAAAAASUVORK5CYII=</picture>
        </char>
        <char code="003e" character=">">
            <picture format="png">iVBORw0KGgoAAAANSUhEUgAAAAMAAAAHCAIAAABC22D+AAAACXBIWXMAAA7EAAAOxAGVKw4bAAAAJUlEQVQImW2LMQ4AMAiEuP7/zzhY4yILCQlRAeAxBPi5pW7LcRSk9BH3w5tOuwAAAABJRU5ErkJggg==</picture>
        </char>
        <char code="003f" character="?">
            <picture format="png">iVBORw0KGgoAAAANSUhEUgAAAAYAAAAHCAYAAAArkDztAAAACXBIWXMAAA7EAAAOxAGVKw4bAAAAL0lEQVQImXXLsREAIAzDQJnL/iuLihQBXFr3UeWxAFdQqQmSAFDzOOsw5fqJDlNsKEURC6dsZIsAAAAASUVORK5CYII=</picture>
        </char>
        <char code="0040" character="\x0040">
            <picture format="png">iVBORw0KGgoAAAANSUhEUgAAAAYAAAAHCAYAAAArkDztAAAACXBIWXMAAA7EAAAOxAGVKw4bAAAAMklEQVQImXWOQQoAIBACR+j/X54O0RLVehJH0KjyUYAHqIxtqpkALHAGWwXuqX6jOcUEtT8VBW+Sm7sAAAAASUVORK5CYII=</picture>
        </char>
        <char code="0041" character="A">
            <picture format="png">iVBORw0KGgoAAAANSUhEUgAAAAYAAAAHCAIAAACk8qu6AAAACXBIWXMAAA7EAAAOxAGVKw4bAAAAIklEQVQImWP8//8/A37w//9/FggF4TMyMhKtiglTISOmjQA6ThIBrD842gAAAABJRU5ErkJggg==</picture>
        </char>
        <char code="0042" character="B">
            <picture format="png">iVBORw0KGgoAAAANSUhEUgAAAAYAAAAHCAIAAACk8qu6AAAACXBIWXMAAA7EAAAOxAGVKw4bAAAAH0lEQVQImWP8//8/A37w//9/FggF4TMyMlKiihHTRgB4wxT8h2i64QAAAABJRU5ErkJggg==</picture>
        </char>
        <char code="0043" character="C">
            <picture format="png">iVBORw0KGgoAAAANSUhEUgAAAAYAAAAHCAIAAACk8qu6AAAACXBIWXMAAA7EAAAOxAGVKw4bAAAAIUlEQVQImWP8//8/A37w//9/RgiFLMqEqRCLEDazMG0EACqWDvk4pGlZAAAAAElFTkSuQmCC</picture>
        </char>
        <char code="0044" character="D">
            <picture format="png">iVBORw0KGgoAAAANSUhEUgAAAAYAAAAHCAIAAACk8qu6AAAACXBIWXMAAA7EAAAOxAGVKw4bAAAAKklEQVQImWP8//8/AypgROZApBnhLAYGBkZGxv///zMxYAAsQtjMwrQRACc0EfuiAU+9AAAAAElFTkSuQmCC</picture>
        </char>
        <char code="0045" character="E">
            <picture format="png">iVBORw0KGgoAAAANSUhEUgAAAAYAAAAHCAIAAACk8qu6AAAACXBIWXMAAA7EAAAOxAGVKw4bAAAAGUlEQVQImWP8//8/A37w//9/RghFHVWYSgB1hxTwINDm3wAAAABJRU5ErkJggg==</picture>
        </char>
        <char code="0046" character="F">
            <picture format="png">iVBORw0KGgoAAAANSUhEUgAAAAYAAAAHCAIAAACk8qu6AAAACXBIWXMAAA7EAAAOxAGVKw4bAAAAHklEQVQImWP8//8/A37w//9/RghFuiomTIWMmAYBADcSEfW4l4XMAAAAAElFTkSuQmCC</picture>
        </char>
        <char code="0047" character="G">
            <picture format="png">iVBORw0KGgoAAAANSUhEUgAAAAYAAAAHCAIAAACk8qu6AAAACXBIWXMAAA7EAAAOxAGVKw4bAAAAJElEQVQImWP8//8/A37w//9/RgiFRQaZzQRn4TT0////jJiSAMp5Gusl87N7AAAAAElFTkSuQmCC</picture>
        </char>
        <char code="0048" character="H">
            <picture format="png">iVBORw0KGgoAAAANSUhEUgAAAAYAAAAHCAYAAAArkDztAAAACXBIWXMAAA7EAAAOxAGVKw4bAAAALElEQVQImWP8////fwYsgImRkRFFAMZnwqaagYGBgQVZFYYEsjUEjWLE5SoA4xwLEt84W3EAAAAASUVORK5CYII=</picture>
        </char>
        <char code="0049" character="I">
            <picture format="png">iVBORw0KGgoAAAANSUhEUgAAAAIAAAAHCAIAAACtGQvAAAAACXBIWXMAAA7EAAAOxAGVKw4bAAAAG0lEQVQImX3FMQEAAAjAILR/59lAHqBa4GsqHJO9BgY8cQ9MAAAAAElFTkSuQmCC</picture>
        </char>
        <char code="004a" character="J">
            <picture format="png">iVBORw0KGgoAAAANSUhEUgAAAAUAAAAHCAIAAABPxRC5AAAACXBIWXMAAA7EAAAOxAGVKw4bAAAAKklEQVQImWP8//8/AxJgglCMjIyMjIwIPlwVEwMqYIIoww7+///PiGY+AIVdDAiMXcK8AAAAAElFTkSuQmCC</picture>
        </char>
        <char code="004b" character="K">
            <picture format="png">iVBORw0KGgoAAAANSUhEUgAAAAYAAAAHCAIAAACk8qu6AAAACXBIWXMAAA7EAAAOxAGVKw4bAAAALElEQVQImWP8//8/AypgYmRkhHMgbCZkPkQHQgncBEY4B66KCVkVxCxGTBsB4zYVBfiOw5wAAAAASUVORK5CYII=</picture>
        </char>
        <char code="004c" character="L">
            <picture format="png">iVBORw0KGgoAAAANSUhEUgAAAAUAAAAHCAIAAABPxRC5AAAACXBIWXMAAA7EAAAOxAGVKw4bAAAAI0lEQVQImWP8//8/AxJgZGBgQBZiYkAFhPgo4P///4xo5gMAuzML/tDbq24AAAAASUVORK5CYII=</picture>
        </char>
        <char code="004d" character="M">
            <picture format="png">iVBORw0KGgoAAAANSUhEUgAAAAYAAAAHCAYAAAArkDztAAAACXBIWXMAAA7EAAAOxAGVKw4bAAAAMklEQVQImXWOQQoAIBACZ/z/n+0UbFGeVES1bXkg6mFsnSlmKABtUZmt2eSeCh/4e7UA8ccRC432iogAAAAASUVORK5CYII=</picture>
        </char>
        <char code="004e" character="N">
            <picture format="png">iVBORw0KGgoAAAANSUhEUgAAAAYAAAAHCAIAAACk8qu6AAAACXBIWXMAAA7EAAAOxAGVKw4bAAAAKklEQVQImWP8//8/A1bw//9/iNz///+ZIBQjIyNcmglTB24hZL2MmDYCALgnFPwZrw0qAAAAAElFTkSuQmCC</picture>
        </char>
        <char code="004f" character="O">
            <picture format="png">iVBORw0KGgoAAAANSUhEUgAAAAYAAAAHCAYAAAArkDztAAAACXBIWXMAAA7EAAAOxAGVKw4bAAAAMUlEQVQImX2OSwoAIBQCx3j3v/K0Koo+roRRMapcFOAAKjXMTCYAtNvMF9Ra38DjFB1wIw4L+OS41wAAAABJRU5ErkJggg==</picture>
        </char>
        <char code="0050" character="P">
            <picture format="png">iVBORw0KGgoAAAANSUhEUgAAAAYAAAAHCAIAAACk8qu6AAAACXBIWXMAAA7EAAAOxAGVKw4bAAAAJ0lEQVQImWP8//8/A37w//9/FggF4TMyMmJXxYisCgKYMBUyYtoIADkiEfsjo/EuAAAAAElFTkSuQmCC</picture>
        </char>
        <char code="0051" character="Q">
            <picture format="png">iVBORw0KGgoAAAANSUhEUgAAAAYAAAAHCAIAAACk8qu6AAAACXBIWXMAAA7EAAAOxAGVKw4bAAAAKUlEQVQImWP8//8/A37w//9/FggF4TMyMjIwMDBhKkQIQZRgN4sR00YALTAPAnjd6MMAAAAASUVORK5CYII=</picture>
        </char>
        <char code="0052" character="R">
            <picture format="png">iVBORw0KGgoAAAANSUhEUgAAAAYAAAAHCAIAAACk8qu6AAAACXBIWXMAAA7EAAAOxAGVKw4bAAAALklEQVQImWP8//8/A37w//9/FggF4TMyMmJXxQilGBlRDP3//z+c////f0ZMGwG98h3w2mTEpwAAAABJRU5ErkJggg==</picture>
        </char>
        <char code="0053" character="S">
            <picture format="png">iVBORw0KGgoAAAANSUhEUgAAAAYAAAAHCAIAAACk8qu6AAAACXBIWXMAAA7EAAAOxAGVKw4bAAAAKUlEQVQImX2MsQkAAAjDmv+PjoOLiNglEEJR80+lMS0rScJMgONaPXQB/8oX8eju04gAAAAASUVORK5CYII=</picture>
        </char>
        <char code="0054" character="T">
            <picture format="png">iVBORw0KGgoAAAANSUhEUgAAAAYAAAAHCAYAAAArkDztAAAACXBIWXMAAA7EAAAOxAGVKw4bAAAAK0lEQVQImWP8////fwYsgJGBgQFD4v///wwsMA2MjIwMyJqZsBlDoQS64wCu7xEB3TO+4QAAAABJRU5ErkJggg==</picture>
        </char>
        <char code="0055" character="U">
            <picture format="png">iVBORw0KGgoAAAANSUhEUgAAAAYAAAAHCAIAAACk8qu6AAAACXBIWXMAAA7EAAAOxAGVKw4bAAAAJElEQVQImWP8//8/AypgYmRkhHMgbCYGDECcEDr4//8/I6aNAP9ZCQif/ZRgAAAAAElFTkSuQmCC</picture>
        </char>
        <char code="0056" character="V">
            <picture format="png">iVBORw0KGgoAAAANSUhEUgAAAAYAAAAHCAYAAAArkDztAAAACXBIWXMAAA7EAAAOxAGVKw4bAAAAL0lEQVQImWP8////fwYsgImRkRFFAMZnwqaasARMO7KxLDC7GRkZGZDdATcK3XEA4nQNEoIFCVYAAAAASUVORK5CYII=</picture>
        </char>
        <char code="0057" character="W">
            <picture format="png">iVBORw0KGgoAAAANSUhEUgAAAAYAAAAHCAYAAAArkDztAAAACXBIWXMAAA7EAAAOxAGVKw4bAAAALUlEQVQImZ2OsQ0AMAzCTNT/X3b3NlnCwmAkE1WaVBIA3q5uvQMBPrnKGU5xAYAYCw1lGRxfAAAAAElFTkSuQmCC</picture>
        </char>
        <char code="0058" character="X">
            <picture format="png">iVBORw0KGgoAAAANSUhEUgAAAAYAAAAHCAIAAACk8qu6AAAACXBIWXMAAA7EAAAOxAGVKw4bAAAAMElEQVQImWWNQQoAMAjDFv//53hwdAw9FEO1RT3/FBC4+1xFVQaAJFQ4CeTrebuxAYqIIPo4LIsfAAAAAElFTkSuQmCC</picture>
        </char>
        <char code="0059" character="Y">
            <picture format="png">iVBORw0KGgoAAAANSUhEUgAAAAYAAAAHCAIAAACk8qu6AAAACXBIWXMAAA7EAAAOxAGVKw4bAAAALklEQVQImWP8//8/AypgYmRkhHOgbIgqOPn//39GCIeRkRFuAhMDBsAixIhpIwBVZhf7DXDiBgAAAABJRU5ErkJggg==</picture>
        </char>
        <char code="005a" character="Z">
            <picture format="png">iVBORw0KGgoAAAANSUhEUgAAAAYAAAAHCAIAAACk8qu6AAAACXBIWXMAAA7EAAAOxAGVKw4bAAAAI0lEQVQImWP8//8/A37w//9/FmRVjIyM2FUxQigCZjFiKgEAgI4U9lG0Z7cAAAAASUVORK5CYII=</picture>
        </char>
        <char code="005b" character="[">
            <picture format="png">iVBORw0KGgoAAAANSUhEUgAAAAMAAAAHCAIAAABC22D+AAAACXBIWXMAAA7EAAAOxAGVKw4bAAAAH0lEQVQImWP8//8/AzL4//8/I4RiYGBgggtjYyF0AAD0jAv9Ad7dFwAAAABJRU5ErkJggg==</picture>
        </char>
        <char code="005c" character="\">
            <picture format="png">iVBORw0KGgoAAAANSUhEUgAAAAYAAAAHCAIAAACk8qu6AAAACXBIWXMAAA7EAAAOxAGVKw4bAAAALklEQVQImWXNQQoAQAhCUb/3v7OzCKKaNsJTiCTah6SjTgIsqtVUV0x1l638Hx/TxxUD7HPXDwAAAABJRU5ErkJggg==</picture>
        </char>
        <char code="005d" character="]">
            <picture format="png">iVBORw0KGgoAAAANSUhEUgAAAAMAAAAHCAIAAABC22D+AAAACXBIWXMAAA7EAAAOxAGVKw4bAAAAHElEQVQImWP8//8/AzL4//8/E1yMCS6MjYXQAQD9tQv+1IjkSQAAAABJRU5ErkJggg==</picture>
        </char>
        <char code="005e" character="^">
            <picture format="png">iVBORw0KGgoAAAANSUhEUgAAAAUAAAAHCAIAAABPxRC5AAAACXBIWXMAAA7EAAAOxAGVKw4bAAAAKElEQVQImY3LsQ0AMAjEwDf772yKFIGOKy0ZNUNlqyQA8Jv6LpXDPzXD8w8C+0qhsAAAAABJRU5ErkJggg==</picture>
        </char>
        <char code="005f" character="_">
            <picture format="png">iVBORw0KGgoAAAANSUhEUgAAAAYAAAAHCAYAAAArkDztAAAACXBIWXMAAA7EAAAOxAGVKw4bAAAAJUlEQVQImWP8////fwYsgAmbIJUlGBkYGDAs////PwMLDkcxAAB7LAsEal/a3AAAAABJRU5ErkJggg==</picture>
        </char>
        <char code="0060" character="`">
            <picture format="png">iVBORw0KGgoAAAANSUhEUgAAAAMAAAAHCAIAAABC22D+AAAACXBIWXMAAA7EAAAOxAGVKw4bAAAAJElEQVQImW2JMRIAMAiDSP//ZxysTmYBLlEBIMCPhpp9H7PLCu+VDvu0YdZGAAAAAElFTkSuQmCC</picture>
        </char>
        <char code="0061" character="a">
            <picture format="png">iVBORw0KGgoAAAANSUhEUgAAAAYAAAAHCAIAAACk8qu6AAAACXBIWXMAAA7EAAAOxAGVKw4bAAAAL0lEQVQImW2LQQoAIAzDUtn/vxwPA8FpTy1Jo3KngCQ9Gue0Zu8JtYYFrKnB57wBLlwVAgwgypEAAAAASUVORK5CYII=</picture>
        </char>
        <char code="0062" character="b">
            <picture format="png">iVBORw0KGgoAAAANSUhEUgAAAAYAAAAHCAIAAACk8qu6AAAACXBIWXMAAA7EAAAOxAGVKw4bAAAAKklEQVQImWP8//8/AypgROZApBnhLAYGBkZGRkxNDP///2dBU4XDLEzNAHNRF/jHM4c3AAAAAElFTkSuQmCC</picture>
        </char>
        <char code="0063" character="c">
            <picture format="png">iVBORw0KGgoAAAANSUhEUgAAAAYAAAAHCAIAAACk8qu6AAAACXBIWXMAAA7EAAAOxAGVKw4bAAAAIUlEQVQImWP8//8/AxpAE/r//z8jpigTui6sQtjMwrQRAOTpFPOFM5IEAAAAAElFTkSuQmCC</picture>
        </char>
        <char code="0064" character="d">
            <picture format="png">iVBORw0KGgoAAAANSUhEUgAAAAYAAAAHCAIAAACk8qu6AAAACXBIWXMAAA7EAAAOxAGVKw4bAAAAKklEQVQImWP8//8/AypgROZApBnhLAYGBkZGxv///zMxYAAsQtjMwrQRACc0EfuiAU+9AAAAAElFTkSuQmCC</picture>
        </char>
        <char code="0065" character="e">
            <picture format="png">iVBORw0KGgoAAAANSUhEUgAAAAYAAAAHCAIAAACk8qu6AAAACXBIWXMAAA7EAAAOxAGVKw4bAAAAIElEQVQImWP8//8/AxpAE/r//z8jpigWTdhUYTEL0yAAL+ka6u9prfIAAAAASUVORK5CYII=</picture>
        </char>
        <char code="0066" character="f">
            <picture format="png">iVBORw0KGgoAAAANSUhEUgAAAAYAAAAHCAIAAACk8qu6AAAACXBIWXMAAA7EAAAOxAGVKw4bAAAAIklEQVQImWP8//8/AxpAE/r//z8jpigWTVhUMWEqZMQ0CACF0RTyUMOJkAAAAABJRU5ErkJggg==</picture>
        </char>
        <char code="0067" character="g">
            <picture format="png">iVBORw0KGgoAAAANSUhEUgAAAAYAAAAHCAIAAACk8qu6AAAACXBIWXMAAA7EAAAOxAGVKw4bAAAAJklEQVQImWWMsQ0AAAjCrP//XDcHYCKlAXUigVSapqjutx9onT46ImQd6QJS4IoAAAAASUVORK5CYII=</picture>
        </char>
        <char code="0068" character="h">
            <picture format="png">iVBORw0KGgoAAAANSUhEUgAAAAYAAAAHCAYAAAArkDztAAAACXBIWXMAAA7EAAAOxAGVKw4bAAAALElEQVQImWP8////fwYsgImRkRFFAMZnwqaagYGBgQVZFYYEsjUEjWLE5SoA4xwLEt84W3EAAAAASUVORK5CYII=</picture>
        </char>
        <char code="0069" character="i">
            <picture format="png">iVBORw0KGgoAAAANSUhEUgAAAAIAAAAHCAIAAACtGQvAAAAACXBIWXMAAA7EAAAOxAGVKw4bAAAAIElEQVQImWNgYGD4//8/4////xkg4P///0wQFioFVQIAZIoL/TcbqQkAAAAASUVORK5CYII=</picture>
        </char>
        <char code="006a" character="j">
            <picture format="png">iVBORw0KGgoAAAANSUhEUgAAAAUAAAAHCAIAAABPxRC5AAAACXBIWXMAAA7EAAAOxAGVKw4bAAAAK0lEQVQImV2MQQoAMAyDav7/Z3cotNu8SECCWhdpAcDuqVIv6WyZUlX5/g8d0xIC837q2gAAAABJRU5ErkJggg==</picture>
        </char>
        <char code="006b" character="k">
            <picture format="png">iVBORw0KGgoAAAANSUhEUgAAAAYAAAAHCAIAAACk8qu6AAAACXBIWXMAAA7EAAAOxAGVKw4bAAAALElEQVQImWP8//8/AypgYmRkhHMgbCZkPkQHQgncBEY4B66KCVkVxCxGTBsB4zYVBfiOw5wAAAAASUVORK5CYII=</picture>
        </char>
        <char code="006c" character="l">
            <picture format="png">iVBORw0KGgoAAAANSUhEUgAAAAYAAAAHCAIAAACk8qu6AAAACXBIWXMAAA7EAAAOxAGVKw4bAAAAI0lEQVQImWP8//8/AypgZGBgQBNlYsAAxAmhG/T//39GTBsBrdYO+x0nTqYAAAAASUVORK5CYII=</picture>
        </char>
        <char code="006d" character="m">
            <picture format="png">iVBORw0KGgoAAAANSUhEUgAAAAYAAAAHCAYAAAArkDztAAAACXBIWXMAAA7EAAAOxAGVKw4bAAAAMklEQVQImXWOQQoAIBACZ/z/n+0UbFGeVES1bXkg6mFsnSlmKABtUZmt2eSeCh/4e7UA8ccRC432iogAAAAASUVORK5CYII=</picture>
        </char>
        <char code="006e" character="n">
            <picture format="png">iVBORw0KGgoAAAANSUhEUgAAAAYAAAAHCAIAAACk8qu6AAAACXBIWXMAAA7EAAAOxAGVKw4bAAAAKklEQVQImWP8//8/A1bw//9/iNz///+ZIBQjIyNcmglTB24hZL2MmDYCALgnFPwZrw0qAAAAAElFTkSuQmCC</picture>
        </char>
        <char code="006f" character="o">
            <picture format="png">iVBORw0KGgoAAAANSUhEUgAAAAYAAAAHCAYAAAArkDztAAAACXBIWXMAAA7EAAAOxAGVKw4bAAAAMUlEQVQImX2OSwoAIBQCx3j3v/K0Koo+roRRMapcFOAAKjXMTCYAtNvMF9Ra38DjFB1wIw4L+OS41wAAAABJRU5ErkJggg==</picture>
        </char>
        <char code="0070" character="p">
            <picture format="png">iVBORw0KGgoAAAANSUhEUgAAAAYAAAAHCAIAAACk8qu6AAAACXBIWXMAAA7EAAAOxAGVKw4bAAAAKklEQVQImWP8//8/AypgROZApBnhLAYGBkZGxv///xNSBQFMDBiAEdNGADPWFPcJNMR7AAAAAElFTkSuQmCC</picture>
        </char>
        <char code="0071" character="q">
            <picture format="png">iVBORw0KGgoAAAANSUhEUgAAAAYAAAAHCAIAAACk8qu6AAAACXBIWXMAAA7EAAAOxAGVKw4bAAAAMElEQVQImWWNSQ4AIAwCGeP/vzwemtRoObEEQM2LnQQoUTHNKlNXBq7V9XzzKvPxAIzSFQB7u3YCAAAAAElFTkSuQmCC</picture>
        </char>
        <char code="0072" character="r">
            <picture format="png">iVBORw0KGgoAAAANSUhEUgAAAAYAAAAHCAIAAACk8qu6AAAACXBIWXMAAA7EAAAOxAGVKw4bAAAALUlEQVQImW2NQQoAIBACnf7/5+kQSEt5GlEUNVPc5sSUkgDqp7VKY1StV3kfN7hMIOqMMeFMAAAAAElFTkSuQmCC</picture>
        </char>
        <char code="0073" character="s">
            <picture format="png">iVBORw0KGgoAAAANSUhEUgAAAAYAAAAHCAIAAACk8qu6AAAACXBIWXMAAA7EAAAOxAGVKw4bAAAAKUlEQVQImWXNsQ0AIBDDQLz/0EdDAU86W7IS1thQ6LcPA92qOuEo+h835Okg6Gca0/UAAAAASUVORK5CYII=</picture>
        </char>
        <char code="0074" character="t">
            <picture format="png">iVBORw0KGgoAAAANSUhEUgAAAAYAAAAHCAYAAAArkDztAAAACXBIWXMAAA7EAAAOxAGVKw4bAAAAK0lEQVQImWP8////fwYsgJGBgQFD4v///wwsMA2MjIwMyJqZsBlDoQS64wCu7xEB3TO+4QAAAABJRU5ErkJggg==</picture>
        </char>
        <char code="0075" character="u">
            <picture format="png">iVBORw0KGgoAAAANSUhEUgAAAAYAAAAHCAIAAACk8qu6AAAACXBIWXMAAA7EAAAOxAGVKw4bAAAAJElEQVQImWP8//8/AypgYmRkhHMgbCYGDECcECMyB2IVI6aNAAiFCQnuU1eyAAAAAElFTkSuQmCC</picture>
        </char>
        <char code="0076" character="v">
            <picture format="png">iVBORw0KGgoAAAANSUhEUgAAAAYAAAAHCAYAAAArkDztAAAACXBIWXMAAA7EAAAOxAGVKw4bAAAAL0lEQVQImWP8////fwYsgImRkRFFAMZnwqaasARMO7KxLDC7GRkZGZDdATcK3XEA4nQNEoIFCVYAAAAASUVORK5CYII=</picture>
        </char>
        <char code="0077" character="w">
            <picture format="png">iVBORw0KGgoAAAANSUhEUgAAAAYAAAAHCAYAAAArkDztAAAACXBIWXMAAA7EAAAOxAGVKw4bAAAALUlEQVQImZ2OsQ0AMAzCTNT/X3b3NlnCwmAkE1WaVBIA3q5uvQMBPrnKGU5xAYAYCw1lGRxfAAAAAElFTkSuQmCC</picture>
        </char>
        <char code="0078" character="x">
            <picture format="png">iVBORw0KGgoAAAANSUhEUgAAAAUAAAAHCAIAAABPxRC5AAAACXBIWXMAAA7EAAAOxAGVKw4bAAAAKklEQVQImV3MsQ0AQAjDQMz+O/sLXgjF1RVRUOvUwGjQFe1e/V6puSf+H8IjF/cq3owAAAAAAElFTkSuQmCC</picture>
        </char>
        <char code="0079" character="y">
            <picture format="png">iVBORw0KGgoAAAANSUhEUgAAAAYAAAAHCAIAAACk8qu6AAAACXBIWXMAAA7EAAAOxAGVKw4bAAAALklEQVQImWP8//8/AypgYmRkhHOgbIgqOPn//39GCIeRkRFuAhMDBsAixIhpIwBVZhf7DXDiBgAAAABJRU5ErkJggg==</picture>
        </char>
        <char code="007a" character="z">
            <picture format="png">iVBORw0KGgoAAAANSUhEUgAAAAYAAAAHCAIAAACk8qu6AAAACXBIWXMAAA7EAAAOxAGVKw4bAAAAK0lEQVQImWP8//8/A37w//9/FmRVjIyMDAwMLHAWRAkDAwMjnIXPLEZMJQCLihT9TWZUpAAAAABJRU5ErkJggg==</picture>
        </char>
        <char code="007b" character="{">
            <picture format="png">iVBORw0KGgoAAAANSUhEUgAAAAQAAAAHCAIAAACgB3uHAAAACXBIWXMAAA7EAAAOxAGVKw4bAAAAJUlEQVQImU2JsQ0AAAiDxP9/xkFjygag1vOidiZytgqcVHCycwBdWhH/OscQRAAAAABJRU5ErkJggg==</picture>
        </char>
        <char code="007c" character="|">
            <picture format="png">iVBORw0KGgoAAAANSUhEUgAAAAIAAAAHCAIAAACtGQvAAAAACXBIWXMAAA7EAAAOxAGVKw4bAAAAF0lEQVQImWP8//8/AwT8//+fCcLCRwEA/DgGBtzbkWQAAAAASUVORK5CYII=</picture>
        </char>
        <char code="007d" character="}">
            <picture format="png">iVBORw0KGgoAAAANSUhEUgAAAAQAAAAHCAIAAACgB3uHAAAACXBIWXMAAA7EAAAOxAGVKw4bAAAAKElEQVQImWP8//8/AwwwQiiIEBOyDBNEmJGREcphZGSEKmNAAigGAACTARIAZep1YQAAAABJRU5ErkJggg==</picture>
        </char>
        <char code="007e" character="~">
            <picture format="png">iVBORw0KGgoAAAANSUhEUgAAAAYAAAAHCAIAAACk8qu6AAAACXBIWXMAAA7EAAAOxAGVKw4bAAAAIUlEQVQImWP8//8/Ay4AkYOqQFb4//9/RkyNTJgmECcEALLdEfdIJ0ZyAAAAAElFTkSuQmCC</picture>
        </char>
        <char code="00b0" character="°">
            <picture format="png">iVBORw0KGgoAAAANSUhEUgAAAAQAAAAHCAYAAAAvZezQAAAACXBIWXMAAA7EAAAOxAGVKw4bAAAAK0lEQVQImWWMsREAIBCDSPbfGSv1T+mgIKoMykMBktyQBPXEbtmrAszvN13w3xAK/f4gWQAAAABJRU5ErkJggg==</picture>
        </char>
    </chars>
</data>
