<?xml version="1.0" encoding="utf-8"?>
<data name="Terminal_9" type="font">
    <family>Terminal</family>
    <size>10</size>
    <style>Normal</style>
    <widthType>monospaced</widthType>
    <antialiasing>false</antialiasing>
    <alphaChannel>false</alphaChannel>
    <string> !"#$%&amp;'()*+,-./0123456789:;&lt;=>?\x0040ABCDEFGHIJKLMNOPQRSTUVWXYZ[\]^_`abcdefghijklmnopqrstuvwxyz{|}~</string>
    <converted>C:/ArduinoSketches/libraries/TFT_ILI9163C/_utility/for_LCD_Font_Converter/FontFiles/Terminal_9.c</converted>
    <chars>
        <char code="0020" character=" ">
            <picture format="png">iVBORw0KGgoAAAANSUhEUgAAAAYAAAAICAIAAABVpBlvAAAACXBIWXMAAA7EAAAOxAGVKw4bAAAAFUlEQVQImWP8//8/AypgYsAA9BcCAMWlAw2vnXwtAAAAAElFTkSuQmCC</picture>
        </char>
        <char code="0021" character="!">
            <picture format="png">iVBORw0KGgoAAAANSUhEUgAAAAYAAAAICAIAAABVpBlvAAAACXBIWXMAAA7EAAAOxAGVKw4bAAAAMElEQVQImWP8//8/AwMDAwMDIyMjhM0E58NJqBAygApBtKBoRAaMcOPRNcLNxq4KADQKEgiG0XGGAAAAAElFTkSuQmCC</picture>
        </char>
        <char code="0022" character="&quot;">
            <picture format="png">iVBORw0KGgoAAAANSUhEUgAAAAYAAAAICAIAAABVpBlvAAAACXBIWXMAAA7EAAAOxAGVKw4bAAAAJUlEQVQImWP4//8/AwMDAwMDnMHEgAGY0JT8//+fEc5BV0UVIQDe2g7/X//QywAAAABJRU5ErkJggg==</picture>
        </char>
        <char code="0023" character="#">
            <picture format="png">iVBORw0KGgoAAAANSUhEUgAAAAYAAAAICAIAAABVpBlvAAAACXBIWXMAAA7EAAAOxAGVKw4bAAAAJklEQVQImWP8//8/AypgglCMjIxwkgG7KogonGRiwAREaWTEVAUA0GMd855XYk8AAAAASUVORK5CYII=</picture>
        </char>
        <char code="0024" character="$">
            <picture format="png">iVBORw0KGgoAAAANSUhEUgAAAAYAAAAICAIAAABVpBlvAAAACXBIWXMAAA7EAAAOxAGVKw4bAAAANUlEQVQImW2MMQoAIBDDEvH/X66DeqjYKdC0JgHUCUBjR1WB/iiANQQWX70m6aWU1SZ9vs4MteshBZGX8ngAAAAASUVORK5CYII=</picture>
        </char>
        <char code="0025" character="%">
            <picture format="png">iVBORw0KGgoAAAANSUhEUgAAAAYAAAAICAIAAABVpBlvAAAACXBIWXMAAA7EAAAOxAGVKw4bAAAAMElEQVQImY2MMQ4AIBDCiv//cx3OnEYXO0ECRQUAtfLgIb0Ckqjj6vvYfVlP94e+mCE9IPOihdgCAAAAAElFTkSuQmCC</picture>
        </char>
        <char code="0026" character="&amp;">
            <picture format="png">iVBORw0KGgoAAAANSUhEUgAAAAYAAAAICAIAAABVpBlvAAAACXBIWXMAAA7EAAAOxAGVKw4bAAAANElEQVQImWWMsQ0AIAzDYv7/2QwFiiBDlVSyUZMAVZKMs4F+PeEHU+2+DZZOjXqQJWnFzgSiKCnvVdDedgAAAABJRU5ErkJggg==</picture>
        </char>
        <char code="0027" character="'">
            <picture format="png">iVBORw0KGgoAAAANSUhEUgAAAAYAAAAICAIAAABVpBlvAAAACXBIWXMAAA7EAAAOxAGVKw4bAAAAKUlEQVQImWP8//8/AwMDIyMjAwMDhM3EgAEQQhAlDAwMjHAWFlWUCwEArUgMBgYoLg4AAAAASUVORK5CYII=</picture>
        </char>
        <char code="0028" character="(">
            <picture format="png">iVBORw0KGgoAAAANSUhEUgAAAAYAAAAICAIAAABVpBlvAAAACXBIWXMAAA7EAAAOxAGVKw4bAAAAK0lEQVQImaWNMRIAIAyDwP//OR30qtdVpoQFkwCAuvca/6qXX5VEPakONQVepA8J50asRgAAAABJRU5ErkJggg==</picture>
        </char>
        <char code="0029" character=")">
            <picture format="png">iVBORw0KGgoAAAANSUhEUgAAAAYAAAAICAIAAABVpBlvAAAACXBIWXMAAA7EAAAOxAGVKw4bAAAAK0lEQVQImWP8//8/AwMDIyMjhMHAwMAEof7//8/IyIgihAwoFUK2EcGCAwBnpA8JwhRINwAAAABJRU5ErkJggg==</picture>
        </char>
        <char code="002a" character="*">
            <picture format="png">iVBORw0KGgoAAAANSUhEUgAAAAYAAAAICAIAAABVpBlvAAAACXBIWXMAAA7EAAAOxAGVKw4bAAAAL0lEQVQImWP8//8/AypgglCMjIxwkgkuCeEzMDAwYNeILPr//38mZA7UBJw2IgMAWHsSBLVnipoAAAAASUVORK5CYII=</picture>
        </char>
        <char code="002b" character="+">
            <picture format="png">iVBORw0KGgoAAAANSUhEUgAAAAYAAAAICAIAAABVpBlvAAAACXBIWXMAAA7EAAAOxAGVKw4bAAAAKElEQVQImWP8//8/AypggrMYGRnRhRAAUyMjXIiREcrGopERn41wAADeuA8DF4SUhQAAAABJRU5ErkJggg==</picture>
        </char>
        <char code="002c" character=",">
            <picture format="png">iVBORw0KGgoAAAANSUhEUgAAAAYAAAAICAIAAABVpBlvAAAACXBIWXMAAA7EAAAOxAGVKw4bAAAAH0lEQVQImWP8//8/AypgYsAAlAoxMjIyMjISoRHuGgDeqgYQjRLc2wAAAABJRU5ErkJggg==</picture>
        </char>
        <char code="002d" character="-">
            <picture format="png">iVBORw0KGgoAAAANSUhEUgAAAAYAAAAICAIAAABVpBlvAAAACXBIWXMAAA7EAAAOxAGVKw4bAAAAHUlEQVQImWP8//8/AypgYsAAWIQYMDUykmsWFiEAt8QJBDylNWEAAAAASUVORK5CYII=</picture>
        </char>
        <char code="002e" character=".">
            <picture format="png">iVBORw0KGgoAAAANSUhEUgAAAAYAAAAICAIAAABVpBlvAAAACXBIWXMAAA7EAAAOxAGVKw4bAAAAIElEQVQImWP8//8/AypgYsAAlAoxMjIyMjLiVMWI6QgA+XwGD2C+6SgAAAAASUVORK5CYII=</picture>
        </char>
        <char code="002f" character="/">
            <picture format="png">iVBORw0KGgoAAAANSUhEUgAAAAYAAAAICAIAAABVpBlvAAAACXBIWXMAAA7EAAAOxAGVKw4bAAAALUlEQVQImYXNMQ4AIBACwYX//xkb4ymNdENCUBLeuCzJ5SQuz/B4V7cB/R+BBZ7PEgwdJZBUAAAAAElFTkSuQmCC</picture>
        </char>
        <char code="0030" character="0">
            <picture format="png">iVBORw0KGgoAAAANSUhEUgAAAAYAAAAICAIAAABVpBlvAAAACXBIWXMAAA7EAAAOxAGVKw4bAAAANUlEQVQImWWNQQ4AIRDC2on//zJ7MOq4cmshgSRJWEkyAHVbtWhRgeo8t/Xjo/oD76NXD8AHEsAg/BRZpKIAAAAASUVORK5CYII=</picture>
        </char>
        <char code="0031" character="1">
            <picture format="png">iVBORw0KGgoAAAANSUhEUgAAAAYAAAAICAIAAABVpBlvAAAACXBIWXMAAA7EAAAOxAGVKw4bAAAALUlEQVQImWP8//8/AwMDAwMDIyMjhM0E5zPAAFQIrhYhhAxIEoIYDyWRDYYAANVwDA8XZeq6AAAAAElFTkSuQmCC</picture>
        </char>
        <char code="0032" character="2">
            <picture format="png">iVBORw0KGgoAAAANSUhEUgAAAAYAAAAICAIAAABVpBlvAAAACXBIWXMAAA7EAAAOxAGVKw4bAAAAM0lEQVQImWWMQQ7AIADCWuP/v9wdFt2inKAEqCqWqgmom6rjbfhpbqd+w2M7jsx9BHijB67qHgNy/oLBAAAAAElFTkSuQmCC</picture>
        </char>
        <char code="0033" character="3">
            <picture format="png">iVBORw0KGgoAAAANSUhEUgAAAAYAAAAICAIAAABVpBlvAAAACXBIWXMAAA7EAAAOxAGVKw4bAAAAM0lEQVQImV2NQQ4AIAzCivH/X64HdZpxhDagqtyoE0hSbZKxF77MGktMQ45YyLtoj10EFtfKIP27Lo6ZAAAAAElFTkSuQmCC</picture>
        </char>
        <char code="0034" character="4">
            <picture format="png">iVBORw0KGgoAAAANSUhEUgAAAAYAAAAICAIAAABVpBlvAAAACXBIWXMAAA7EAAAOxAGVKw4bAAAALklEQVQImWP8//8/AwwwMjL+//+fCZkPYTAhyyOEkPkMDAwMKByIDnzGY1cFAQDB9xgDSJ/hJgAAAABJRU5ErkJggg==</picture>
        </char>
        <char code="0035" character="5">
            <picture format="png">iVBORw0KGgoAAAANSUhEUgAAAAYAAAAICAIAAABVpBlvAAAACXBIWXMAAA7EAAAOxAGVKw4bAAAALklEQVQImW2LsQ0AMAzCIOr/L7tDloSWxRJgAdo5jTmU3oQIOCrb1UhxHj+ipAtXvhr2JLGfyQAAAABJRU5ErkJggg==</picture>
        </char>
        <char code="0036" character="6">
            <picture format="png">iVBORw0KGgoAAAANSUhEUgAAAAYAAAAICAIAAABVpBlvAAAACXBIWXMAAA7EAAAOxAGVKw4bAAAAM0lEQVQImWWMQQoAIAzDUtn/vxwPwtDZW0jbqACQBFCrud0azGnCgzVEksUf9d6qGV/ABhJ4IPr9NTFNAAAAAElFTkSuQmCC</picture>
        </char>
        <char code="0037" character="7">
            <picture format="png">iVBORw0KGgoAAAANSUhEUgAAAAYAAAAICAIAAABVpBlvAAAACXBIWXMAAA7EAAAOxAGVKw4bAAAAKUlEQVQImW2NMRIAIAyDSP//Zxy1OdlgAZVNKiWZcnXKgSm/6eWT+ggcWXsSBwsSj4IAAAAASUVORK5CYII=</picture>
        </char>
        <char code="0038" character="8">
            <picture format="png">iVBORw0KGgoAAAANSUhEUgAAAAYAAAAICAIAAABVpBlvAAAACXBIWXMAAA7EAAAOxAGVKw4bAAAAKklEQVQIma3LMQoAIQDEwOTw/1+OhSiC7U2XhaWq2KoBqGdVP14/Hr17maGpI/YtPb6eAAAAAElFTkSuQmCC</picture>
        </char>
        <char code="0039" character="9">
            <picture format="png">iVBORw0KGgoAAAANSUhEUgAAAAYAAAAICAIAAABVpBlvAAAACXBIWXMAAA7EAAAOxAGVKw4bAAAAMUlEQVQImW2MsQ0AIAzDHNT/XzYDokPBmyM5qCoXtYAkvSZZvIwQyPQRntNqOSefENh8eh4A1xmcIQAAAABJRU5ErkJggg==</picture>
        </char>
        <char code="003a" character=":">
            <picture format="png">iVBORw0KGgoAAAANSUhEUgAAAAYAAAAICAIAAABVpBlvAAAACXBIWXMAAA7EAAAOxAGVKw4bAAAAIklEQVQImWP8//8/AypgYsAAUCFGRkZGRkacqhhxmkW6RgDY1AkRu1sxkAAAAABJRU5ErkJggg==</picture>
        </char>
        <char code="003b" character=";">
            <picture format="png">iVBORw0KGgoAAAANSUhEUgAAAAYAAAAICAIAAABVpBlvAAAACXBIWXMAAA7EAAAOxAGVKw4bAAAAJklEQVQImWP8//8/AypgYsAAUCFGRkZGRkacqhhxmkVAI0IIbgIAvgIJEnmaixwAAAAASUVORK5CYII=</picture>
        </char>
        <char code="003c" character="&lt;">
            <picture format="png">iVBORw0KGgoAAAANSUhEUgAAAAYAAAAICAIAAABVpBlvAAAACXBIWXMAAA7EAAAOxAGVKw4bAAAAL0lEQVQImV3MuQEAMAzCQPD+OytFnMfQ6QoM6Mw2UNGSKrrp7ybA9qDQd391vOwt5dEbCVJloLUAAAAASUVORK5CYII=</picture>
        </char>
        <char code="003d" character="=">
            <picture format="png">iVBORw0KGgoAAAANSUhEUgAAAAYAAAAICAIAAABVpBlvAAAACXBIWXMAAA7EAAAOxAGVKw4bAAAAGElEQVQImWP8//8/AypgYsAEmKoYaasRADiODvuTqr1zAAAAAElFTkSuQmCC</picture>
        </char>
        <char code="003e" character=">">
            <picture format="png">iVBORw0KGgoAAAANSUhEUgAAAAYAAAAICAIAAABVpBlvAAAACXBIWXMAAA7EAAAOxAGVKw4bAAAAM0lEQVQImV2NuREAQAgCWfvveS8w0JOEZxhATQK0SFJNKvBFO51+A6jj1Tp+tvbj3UryAOVOGwgUl+BDAAAAAElFTkSuQmCC</picture>
        </char>
        <char code="003f" character="?">
            <picture format="png">iVBORw0KGgoAAAANSUhEUgAAAAYAAAAICAIAAABVpBlvAAAACXBIWXMAAA7EAAAOxAGVKw4bAAAANElEQVQImW2LQQoAIAzDmrH/fzkehiJiT6VpoqrZUTsJcFaghuRKnwYMrpvPncdKUo/4fy1KsRsCbEd/wwAAAABJRU5ErkJggg==</picture>
        </char>
        <char code="0040" character="\x0040">
            <picture format="png">iVBORw0KGgoAAAANSUhEUgAAAAYAAAAICAIAAABVpBlvAAAACXBIWXMAAA7EAAAOxAGVKw4bAAAANUlEQVQImV2NsQ0AIAzDYtT/XzZDAQGe0sRSo6rZqJUEOC1QZwc6jFy0+1Qt1qes9H3kvpsJR84eAIZepxcAAAAASUVORK5CYII=</picture>
        </char>
        <char code="0041" character="A">
            <picture format="png">iVBORw0KGgoAAAANSUhEUgAAAAYAAAAICAIAAABVpBlvAAAACXBIWXMAAA7EAAAOxAGVKw4bAAAAL0lEQVQImW2MQQ4AIAyDitn/v4wHozFOjjQlqpqNWkmAY4GRxkflDi3qGf4t+nECLDIVBEvlrK0AAAAASUVORK5CYII=</picture>
        </char>
        <char code="0042" character="B">
            <picture format="png">iVBORw0KGgoAAAANSUhEUgAAAAYAAAAICAIAAABVpBlvAAAACXBIWXMAAA7EAAAOxAGVKw4bAAAAJklEQVQImWP4//8/AxL4//8/C5wFYTAyMjIxYAIqamREE2JgYAAAeFEa+W/lMTAAAAAASUVORK5CYII=</picture>
        </char>
        <char code="0043" character="C">
            <picture format="png">iVBORw0KGgoAAAANSUhEUgAAAAYAAAAICAIAAABVpBlvAAAACXBIWXMAAA7EAAAOxAGVKw4bAAAAMUlEQVQImY3NOQ7AIADEQDvi/182RQTK0TDdulmqiqUagLqrevFWfRNwkFT+jz73bQLrTBr8B5aLIwAAAABJRU5ErkJggg==</picture>
        </char>
        <char code="0044" character="D">
            <picture format="png">iVBORw0KGgoAAAANSUhEUgAAAAYAAAAICAIAAABVpBlvAAAACXBIWXMAAA7EAAAOxAGVKw4bAAAAKUlEQVQImWP4//8/AxL4//8/C5wFYTAyMjIxYACyhRgwbWREE2JgYAAArWYR/zEFaN4AAAAASUVORK5CYII=</picture>
        </char>
        <char code="0045" character="E">
            <picture format="png">iVBORw0KGgoAAAANSUhEUgAAAAYAAAAICAIAAABVpBlvAAAACXBIWXMAAA7EAAAOxAGVKw4bAAAAJUlEQVQImWP4//8/AypggVDIEkwMmABN4////8nTyMDAwIgpBACj+hT5qOGk+wAAAABJRU5ErkJggg==</picture>
        </char>
        <char code="0046" character="F">
            <picture format="png">iVBORw0KGgoAAAANSUhEUgAAAAYAAAAICAIAAABVpBlvAAAACXBIWXMAAA7EAAAOxAGVKw4bAAAAJElEQVQImWP4//8/AypggVDIEkwMmABN4////4nTiEWIEdMRADiyEf6kUOXrAAAAAElFTkSuQmCC</picture>
        </char>
        <char code="0047" character="G">
            <picture format="png">iVBORw0KGgoAAAANSUhEUgAAAAYAAAAICAIAAABVpBlvAAAACXBIWXMAAA7EAAAOxAGVKw4bAAAAM0lEQVQImV2MSRIAIAzCguP/vxwPal04FVJAVdlSO5Ck0iSNV+ur+DzazWf9Lz7wLHweGCluHftT7A4sAAAAAElFTkSuQmCC</picture>
        </char>
        <char code="0048" character="H">
            <picture format="png">iVBORw0KGgoAAAANSUhEUgAAAAYAAAAICAIAAABVpBlvAAAACXBIWXMAAA7EAAAOxAGVKw4bAAAAK0lEQVQImWP4//8/AwPDfxhgYGBgYsAAWIQYIIqRAQuaBCMjI3FmMWKaBQDJ4xT8VIN3bAAAAABJRU5ErkJggg==</picture>
        </char>
        <char code="0049" character="I">
            <picture format="png">iVBORw0KGgoAAAANSUhEUgAAAAYAAAAICAIAAABVpBlvAAAACXBIWXMAAA7EAAAOxAGVKw4bAAAAKElEQVQImWP4////////GWDg////THAWnGRiwACUCjEyMiJIZBdAAAAcqBICvQ+DiwAAAABJRU5ErkJggg==</picture>
        </char>
        <char code="004a" character="J">
            <picture format="png">iVBORw0KGgoAAAANSUhEUgAAAAYAAAAICAIAAABVpBlvAAAACXBIWXMAAA7EAAAOxAGVKw4bAAAAKUlEQVQImY2OMQ4AIBCDwP//GdeLDsrYkBQrBuri4n9SHxbVPK08IoANB40PBBMyOEwAAAAASUVORK5CYII=</picture>
        </char>
        <char code="004b" character="K">
            <picture format="png">iVBORw0KGgoAAAANSUhEUgAAAAYAAAAICAIAAABVpBlvAAAACXBIWXMAAA7EAAAOxAGVKw4bAAAAMElEQVQImV2MQQ4AIAyD6P7/ZzwYnZMbpCkq4AEoHpKo9XmvrndSk4z01nG/a19cFgp3IP8EHhZUAAAAAElFTkSuQmCC</picture>
        </char>
        <char code="004c" character="L">
            <picture format="png">iVBORw0KGgoAAAANSUhEUgAAAAYAAAAICAIAAABVpBlvAAAACXBIWXMAAA7EAAAOxAGVKw4bAAAAI0lEQVQImWP8//8/IyPj////GWCAiQEDUFOIAdkuCGDEFAIAE90MBDEke+gAAAAASUVORK5CYII=</picture>
        </char>
        <char code="004d" character="M">
            <picture format="png">iVBORw0KGgoAAAANSUhEUgAAAAYAAAAICAIAAABVpBlvAAAACXBIWXMAAA7EAAAOxAGVKw4bAAAALUlEQVQImWP4//8/AwPDfxhggHAYGFAYDHBVcJKJgYEBTRVCCA6IE2JEWAQDAIv6IOno84R0AAAAAElFTkSuQmCC</picture>
        </char>
        <char code="004e" character="N">
            <picture format="png">iVBORw0KGgoAAAANSUhEUgAAAAYAAAAICAIAAABVpBlvAAAACXBIWXMAAA7EAAAOxAGVKw4bAAAAMElEQVQImV3LsREAMAjDQJn9d3YKgpND5WOwDXgCCgAkMV2yHa0co49aN+3HpB7/Hdz1F/8GhLs7AAAAAElFTkSuQmCC</picture>
        </char>
        <char code="004f" character="O">
            <picture format="png">iVBORw0KGgoAAAANSUhEUgAAAAYAAAAICAIAAABVpBlvAAAACXBIWXMAAA7EAAAOxAGVKw4bAAAALUlEQVQImZ3NMQrAMBDEQMn4/19WipBguM7TrZqlqvhUG1D/qi6G68R89NyvB8joF/woNW0+AAAAAElFTkSuQmCC</picture>
        </char>
        <char code="0050" character="P">
            <picture format="png">iVBORw0KGgoAAAANSUhEUgAAAAYAAAAICAIAAABVpBlvAAAACXBIWXMAAA7EAAAOxAGVKw4bAAAALUlEQVQImWP4//8/AxL4//8/C5wFYTAyMjIxYALCGhkYGLBoxCLEiGYWAwMDAM2IFP6YWQbaAAAAAElFTkSuQmCC</picture>
        </char>
        <char code="0051" character="Q">
            <picture format="png">iVBORw0KGgoAAAANSUhEUgAAAAYAAAAICAIAAABVpBlvAAAACXBIWXMAAA7EAAAOxAGVKw4bAAAAMklEQVQImX2OOwoAIBTDGvH+V46DHx4KZioZ2kZVs1F7EuBYoOXhq4Bbqau0Ls5AfTAZ1DAd/P7ScB4AAAAASUVORK5CYII=</picture>
        </char>
        <char code="0052" character="R">
            <picture format="png">iVBORw0KGgoAAAANSUhEUgAAAAYAAAAICAIAAABVpBlvAAAACXBIWXMAAA7EAAAOxAGVKw4bAAAAL0lEQVQImW2MQQoAMAzCtOz/X84OAyntPAXUCFALcEIPbJd29rFC6WpM/i4Pl6QLEEIa+QFY98wAAAAASUVORK5CYII=</picture>
        </char>
        <char code="0053" character="S">
            <picture format="png">iVBORw0KGgoAAAANSUhEUgAAAAYAAAAICAIAAABVpBlvAAAACXBIWXMAAA7EAAAOxAGVKw4bAAAAMElEQVQImYXLOQ7AIADEQDvi/182VSBHgbtdaagq7qoBqOtVL95V/KHPvaH6xQcITNRmJvBc0uCfAAAAAElFTkSuQmCC</picture>
        </char>
        <char code="0054" character="T">
            <picture format="png">iVBORw0KGgoAAAANSUhEUgAAAAYAAAAICAIAAABVpBlvAAAACXBIWXMAAA7EAAAOxAGVKw4bAAAAH0lEQVQImWP4//8/AypghAsxMkLZTAwYgJpCjJiOAADj7wwEGL14OAAAAABJRU5ErkJggg==</picture>
        </char>
        <char code="0055" character="U">
            <picture format="png">iVBORw0KGgoAAAANSUhEUgAAAAYAAAAICAIAAABVpBlvAAAACXBIWXMAAA7EAAAOxAGVKw4bAAAAJElEQVQImWP4//8/AwPDfxhgYGBgYsAA1BRigFsE5zIi8yEAAPTSF/SM+cTxAAAAAElFTkSuQmCC</picture>
        </char>
        <char code="0056" character="V">
            <picture format="png">iVBORw0KGgoAAAANSUhEUgAAAAYAAAAICAIAAABVpBlvAAAACXBIWXMAAA7EAAAOxAGVKw4bAAAALElEQVQImWP4//8/AwPDfxhgYGBgYsAAZAsxwE2Fk4wQFgMDAyMjlI0QggMA3Awg7UaXAqAAAAAASUVORK5CYII=</picture>
        </char>
        <char code="0057" character="W">
            <picture format="png">iVBORw0KGgoAAAANSUhEUgAAAAYAAAAICAIAAABVpBlvAAAACXBIWXMAAA7EAAAOxAGVKw4bAAAALUlEQVQImWP4//8/AwPDfxhgYGBgYsAACCFGRkZ0ISyq8AkxwC2Ck4wQFjIAAEbFGvStHlCCAAAAAElFTkSuQmCC</picture>
        </char>
        <char code="0058" character="X">
            <picture format="png">iVBORw0KGgoAAAANSUhEUgAAAAYAAAAICAIAAABVpBlvAAAACXBIWXMAAA7EAAAOxAGVKw4bAAAAMUlEQVQImX2MQQ4AIAjDWv//53kgosbEHgjLoCQBsgAGL132tDZAvR4rq5z3P/12NRPegS/ibuaeqQAAAABJRU5ErkJggg==</picture>
        </char>
        <char code="0059" character="Y">
            <picture format="png">iVBORw0KGgoAAAANSUhEUgAAAAYAAAAICAIAAABVpBlvAAAACXBIWXMAAA7EAAAOxAGVKw4bAAAALklEQVQImWP4//8/AwPDfxhgYGBgYsAAWIQY4OrhJCOExcDAwMjISIpZCI1wAACFjSDt4n5QAwAAAABJRU5ErkJggg==</picture>
        </char>
        <char code="005a" character="Z">
            <picture format="png">iVBORw0KGgoAAAANSUhEUgAAAAYAAAAICAIAAABVpBlvAAAACXBIWXMAAA7EAAAOxAGVKw4bAAAAMklEQVQImV2NQQoAMAzCYtn/v+wOHaPVi0QRsc2Q7dPWLAmo30vqroJfNHkN10WgIgIuqq4a//h4zWUAAAAASUVORK5CYII=</picture>
        </char>
        <char code="005b" character="[">
            <picture format="png">iVBORw0KGgoAAAANSUhEUgAAAAYAAAAICAIAAABVpBlvAAAACXBIWXMAAA7EAAAOxAGVKw4bAAAALUlEQVQIma3OsQkAMAwDQX3I/it/ChMwuPVVkipFVfOpt5cKJ8PCBABJ6A/KA7D5DwecI2h3AAAAAElFTkSuQmCC</picture>
        </char>
        <char code="005c" character="\">
            <picture format="png">iVBORw0KGgoAAAANSUhEUgAAAAYAAAAICAIAAABVpBlvAAAACXBIWXMAAA7EAAAOxAGVKw4bAAAAL0lEQVQImV3MQQoAQAhCUb/3v7OzGIjSjfAiSaIbSwKakmz1r62e4yg1DzSdx8kD5k4SCzH/OHMAAAAASUVORK5CYII=</picture>
        </char>
        <char code="005d" character="]">
            <picture format="png">iVBORw0KGgoAAAANSUhEUgAAAAYAAAAICAIAAABVpBlvAAAACXBIWXMAAA7EAAAOxAGVKw4bAAAALElEQVQImWP4////////GWDg////THAWXIKJAQOQLcQCoRgZGeFCjMgugAAAJaMSAc1Z/jYAAAAASUVORK5CYII=</picture>
        </char>
        <char code="005e" character="^">
            <picture format="png">iVBORw0KGgoAAAANSUhEUgAAAAYAAAAICAIAAABVpBlvAAAACXBIWXMAAA7EAAAOxAGVKw4bAAAALUlEQVQImZ2LsQkAMAzDpPz/szuEhkC3arJlbBIAUDvX7ipAL7kAznEoHr7VAdJaF/7KoAWvAAAAAElFTkSuQmCC</picture>
        </char>
        <char code="005f" character="_">
            <picture format="png">iVBORw0KGgoAAAANSUhEUgAAAAYAAAAICAIAAABVpBlvAAAACXBIWXMAAA7EAAAOxAGVKw4bAAAAFklEQVQImWP8//8/AypgYsAANBbCAgDFfwMLLKPmSAAAAABJRU5ErkJggg==</picture>
        </char>
        <char code="0060" character="`">
            <picture format="png">iVBORw0KGgoAAAANSUhEUgAAAAYAAAAICAIAAABVpBlvAAAACXBIWXMAAA7EAAAOxAGVKw4bAAAAJ0lEQVQImWP8//8/AwMDIyMjAwMDhM3EgAGgQhB5CGBE5qCooooQALY/DAYu70POAAAAAElFTkSuQmCC</picture>
        </char>
        <char code="0061" character="a">
            <picture format="png">iVBORw0KGgoAAAANSUhEUgAAAAYAAAAICAIAAABVpBlvAAAACXBIWXMAAA7EAAAOxAGVKw4bAAAAMUlEQVQImWWOQQoAIAzDFvH/X46HCWLXS3tIoKj1Z9XI7gJ6qIQIJHVFeCxQarrzxAGWShUMiNaOkAAAAABJRU5ErkJggg==</picture>
        </char>
        <char code="0062" character="b">
            <picture format="png">iVBORw0KGgoAAAANSUhEUgAAAAYAAAAICAIAAABVpBlvAAAACXBIWXMAAA7EAAAOxAGVKw4bAAAALUlEQVQImWP8//8/IyPj////GWCAiQETIMtDuCxoEoyMjFg0EmcWI5oQAwMDAMgXF/uK9YOlAAAAAElFTkSuQmCC</picture>
        </char>
        <char code="0063" character="c">
            <picture format="png">iVBORw0KGgoAAAANSUhEUgAAAAYAAAAICAIAAABVpBlvAAAACXBIWXMAAA7EAAAOxAGVKw4bAAAAM0lEQVQImWWOSQoAMAgDneL/vzw9CNJqLlkgJKjx48RCFgEl1CzfdWAW1RkBob6jKvvEBeC4GAVKTP/5AAAAAElFTkSuQmCC</picture>
        </char>
        <char code="0064" character="d">
            <picture format="png">iVBORw0KGgoAAAANSUhEUgAAAAYAAAAICAIAAABVpBlvAAAACXBIWXMAAA7EAAAOxAGVKw4bAAAALUlEQVQImW2NQQ4AIAzCWuP/v4y3Ree4UdJgEq6oiy+7xgeppc/igEjST1sHDtDKDw5PRUk/AAAAAElFTkSuQmCC</picture>
        </char>
        <char code="0065" character="e">
            <picture format="png">iVBORw0KGgoAAAANSUhEUgAAAAYAAAAICAIAAABVpBlvAAAACXBIWXMAAA7EAAAOxAGVKw4bAAAAM0lEQVQImWWOQQ4AIAjDqOH/X64HjBHZhW4BMtToWjGUNYACNcvfcyC+X2erqMWvV5klNk/HHfzFw0iIAAAAAElFTkSuQmCC</picture>
        </char>
        <char code="0066" character="f">
            <picture format="png">iVBORw0KGgoAAAANSUhEUgAAAAYAAAAICAIAAABVpBlvAAAACXBIWXMAAA7EAAAOxAGVKw4bAAAALklEQVQImYWMsQ0AIADCivH/l+tiGNRENigQFQCSAOqsLxvcKqzd/c/wEeX4AhabDRf/uWOvagAAAABJRU5ErkJggg==</picture>
        </char>
        <char code="0067" character="g">
            <picture format="png">iVBORw0KGgoAAAANSUhEUgAAAAYAAAAICAIAAABVpBlvAAAACXBIWXMAAA7EAAAOxAGVKw4bAAAAMElEQVQImW2NQQoAMAzCmrH/fzk7DAp18yIKUdSaWvVoXwNGBTQOfMBS44HMkPPqAX/gEhBDlLEiAAAAAElFTkSuQmCC</picture>
        </char>
        <char code="0068" character="h">
            <picture format="png">iVBORw0KGgoAAAANSUhEUgAAAAYAAAAICAIAAABVpBlvAAAACXBIWXMAAA7EAAAOxAGVKw4bAAAALUlEQVQImYWNMQoAMAjETP//53SwDiLYjIHLoQJqFCcGTwFAU2oW1uFHtfvkAqsJDwwDjZUZAAAAAElFTkSuQmCC</picture>
        </char>
        <char code="0069" character="i">
            <picture format="png">iVBORw0KGgoAAAANSUhEUgAAAAYAAAAICAIAAABVpBlvAAAACXBIWXMAAA7EAAAOxAGVKw4bAAAALElEQVQImWP8//8/AwMDAwMDIyMjhM0IF4IDJjiLkZERXQiLKqKFIMZhsREAHxMMCwybGMEAAAAASUVORK5CYII=</picture>
        </char>
        <char code="006a" character="j">
            <picture format="png">iVBORw0KGgoAAAANSUhEUgAAAAYAAAAICAIAAABVpBlvAAAACXBIWXMAAA7EAAAOxAGVKw4bAAAAMElEQVQImXWMQQoAIAzDFv//53go6kTMqYQS1FoAKl2F0S/ApfZ91MNHJXGiScRmTyF/EguQOqs2AAAAAElFTkSuQmCC</picture>
        </char>
        <char code="006b" character="k">
            <picture format="png">iVBORw0KGgoAAAANSUhEUgAAAAYAAAAICAIAAABVpBlvAAAACXBIWXMAAA7EAAAOxAGVKw4bAAAAL0lEQVQImWWNsQ0AMAjDMP//7A6oVFBvsZQEFVDjkvExFDBU13Plp+pkb7Ud98UBQ98VDO11LBAAAAAASUVORK5CYII=</picture>
        </char>
        <char code="006c" character="l">
            <picture format="png">iVBORw0KGgoAAAANSUhEUgAAAAYAAAAICAIAAABVpBlvAAAACXBIWXMAAA7EAAAOxAGVKw4bAAAAJUlEQVQImbWOIQ4AAAiEwP//+QxuFrMkRsIkAKCOF4e3pALuxNKWzgkMZ5eZJQAAAABJRU5ErkJggg==</picture>
        </char>
        <char code="006d" character="m">
            <picture format="png">iVBORw0KGgoAAAANSUhEUgAAAAYAAAAICAIAAABVpBlvAAAACXBIWXMAAA7EAAAOxAGVKw4bAAAAKElEQVQImWP8//8/AypgYsAEcFUQxv///5FYMBKLRiZME7CoYsR0BAAw9Brw9ez+AAAAAABJRU5ErkJggg==</picture>
        </char>
        <char code="006e" character="n">
            <picture format="png">iVBORw0KGgoAAAANSUhEUgAAAAYAAAAICAIAAABVpBlvAAAACXBIWXMAAA7EAAAOxAGVKw4bAAAALUlEQVQImWP8//8/AypgYsAALAwMDIyMjBAORAcTnPP//3+IHBaNxAkxYjoCACWMDwieilexAAAAAElFTkSuQmCC</picture>
        </char>
        <char code="006f" character="o">
            <picture format="png">iVBORw0KGgoAAAANSUhEUgAAAAYAAAAICAIAAABVpBlvAAAACXBIWXMAAA7EAAAOxAGVKw4bAAAAMklEQVQImW2OSQoAMAgDneL/vzw9CNKiuWSBkKDGjxMDWQSUULN814GluEShvqMq88QFL/EVBXOW69MAAAAASUVORK5CYII=</picture>
        </char>
        <char code="0070" character="p">
            <picture format="png">iVBORw0KGgoAAAANSUhEUgAAAAYAAAAICAIAAABVpBlvAAAACXBIWXMAAA7EAAAOxAGVKw4bAAAAJklEQVQImWP8//8/AypgYsAEaKr+///PgibByMiIRSN5ZjEwMAAABkoU/lRu0OUAAAAASUVORK5CYII=</picture>
        </char>
        <char code="0071" character="q">
            <picture format="png">iVBORw0KGgoAAAANSUhEUgAAAAYAAAAICAIAAABVpBlvAAAACXBIWXMAAA7EAAAOxAGVKw4bAAAAL0lEQVQImW2NQQoAIAzDGvH/X44HQdhcL6WBUNTUrHzZt4CCgKcDgzigqO2UvuEAzzsPDu+wwy4AAAAASUVORK5CYII=</picture>
        </char>
        <char code="0072" character="r">
            <picture format="png">iVBORw0KGgoAAAANSUhEUgAAAAYAAAAICAIAAABVpBlvAAAACXBIWXMAAA7EAAAOxAGVKw4bAAAAMUlEQVQImW2OQQoAMAzCYv//5+xQKGydBxFRMSo3io1OTVZFHbfFW1Q/WwUkGQayTxxlgh3zzgjG8QAAAABJRU5ErkJggg==</picture>
        </char>
        <char code="0073" character="s">
            <picture format="png">iVBORw0KGgoAAAANSUhEUgAAAAYAAAAICAIAAABVpBlvAAAACXBIWXMAAA7EAAAOxAGVKw4bAAAAMUlEQVQImW2MMRIAIAzCiNf/fzkOXazKArkDUDO18qjagA5qNY+5erLKdQ98vu5Wkg1nhBsDi5HghQAAAABJRU5ErkJggg==</picture>
        </char>
        <char code="0074" character="t">
            <picture format="png">iVBORw0KGgoAAAANSUhEUgAAAAYAAAAICAIAAABVpBlvAAAACXBIWXMAAA7EAAAOxAGVKw4bAAAAMUlEQVQImWWOQQoAMAjDjP//c3YQFGcvhbQVUWMry4BhX0ulENBZxtFCdXH6veU+8QAvZBf/DMuxaAAAAABJRU5ErkJggg==</picture>
        </char>
        <char code="0075" character="u">
            <picture format="png">iVBORw0KGgoAAAANSUhEUgAAAAYAAAAICAIAAABVpBlvAAAACXBIWXMAAA7EAAAOxAGVKw4bAAAAL0lEQVQImXWOQQoAQAgCZ/r/n91DECyRJxVFTcKPYqEAtUWTI3VaUy8giTrT7hMPrxEMD8S6W04AAAAASUVORK5CYII=</picture>
        </char>
        <char code="0076" character="v">
            <picture format="png">iVBORw0KGgoAAAANSUhEUgAAAAYAAAAICAIAAABVpBlvAAAACXBIWXMAAA7EAAAOxAGVKw4bAAAAMElEQVQImXWOQQoAMAzCTP//5+ywUdjKchAFQVFzUxlUEqAz8Gm9qHuhlV6E45knFu64F/2S4AKqAAAAAElFTkSuQmCC</picture>
        </char>
        <char code="0077" character="w">
            <picture format="png">iVBORw0KGgoAAAANSUhEUgAAAAYAAAAICAIAAABVpBlvAAAACXBIWXMAAA7EAAAOxAGVKw4bAAAALUlEQVQImWP8//8/AypgYsAATAwMDIyMjHA+IyMjDlVweSgLu/EQUTjJiKkKAJGgEgQQwHHMAAAAAElFTkSuQmCC</picture>
        </char>
        <char code="0078" character="x">
            <picture format="png">iVBORw0KGgoAAAANSUhEUgAAAAYAAAAICAIAAABVpBlvAAAACXBIWXMAAA7EAAAOxAGVKw4bAAAAMElEQVQImXWMQQ4AIAzCYP//cz1gjMu0FyBsGFCnNChJthNiHlfOVvq9GwGO+T/eLMlKF/03uvGZAAAAAElFTkSuQmCC</picture>
        </char>
        <char code="0079" character="y">
            <picture format="png">iVBORw0KGgoAAAANSUhEUgAAAAYAAAAICAIAAABVpBlvAAAACXBIWXMAAA7EAAAOxAGVKw4bAAAANElEQVQImXWO0QoAMAgCz+j/f9k9CI1t7B5CwUrZ5qR4KEBSTMQnddGA7dndqfzN7Lk6bRYeNQ8RexZnNAAAAABJRU5ErkJggg==</picture>
        </char>
        <char code="007a" character="z">
            <picture format="png">iVBORw0KGgoAAAANSUhEUgAAAAYAAAAICAIAAABVpBlvAAAACXBIWXMAAA7EAAAOxAGVKw4bAAAALklEQVQImWWONw4AMAwCIeL/X74MXlzYqMKAJp4uVgpIV21LSiflpfio3y3fEx9vMxr/+4LvqwAAAABJRU5ErkJggg==</picture>
        </char>
        <char code="007b" character="{">
            <picture format="png">iVBORw0KGgoAAAANSUhEUgAAAAYAAAAICAIAAABVpBlvAAAACXBIWXMAAA7EAAAOxAGVKw4bAAAAMElEQVQImXXNQQoAIAwDwV3x/1+Ot4AWe0vCUJMAgAok2c3dFuNWyVWVfKHzo48CDnyIFQcgYx2ZAAAAAElFTkSuQmCC</picture>
        </char>
        <char code="007c" character="|">
            <picture format="png">iVBORw0KGgoAAAANSUhEUgAAAAYAAAAICAIAAABVpBlvAAAACXBIWXMAAA7EAAAOxAGVKw4bAAAAKklEQVQImWP8//8/AwMDAwMDIyMjhM3EgAGwCDHCNWJRxcjIiFMjcWYBAKziDAgrtdwrAAAAAElFTkSuQmCC</picture>
        </char>
        <char code="007d" character="}">
            <picture format="png">iVBORw0KGgoAAAANSUhEUgAAAAYAAAAICAIAAABVpBlvAAAACXBIWXMAAA7EAAAOxAGVKw4bAAAAMElEQVQImW2NQQ4AIAzCWuP/v4yHGQ9zvUAIBJMAKnB9SaEmWXz0SO3RPNyvPz8WB3NdFQefyiB7AAAAAElFTkSuQmCC</picture>
        </char>
        <char code="007e" character="~">
            <picture format="png">iVBORw0KGgoAAAANSUhEUgAAAAYAAAAICAIAAABVpBlvAAAACXBIWXMAAA7EAAAOxAGVKw4bAAAAJElEQVQImWP4////////GRgYECQa/////4wQDjJgYsAA1BQCAL4/GvGZndL7AAAAAElFTkSuQmCC</picture>
        </char>
    </chars>
</data>
