<?xml version="1.0" encoding="utf-8"?>
<data type="font" name="unborn_small">
    <family>unborn editrion</family>
    <size>10</size>
    <style>Normal</style>
    <widthType>proportional</widthType>
    <antialiasing>false</antialiasing>
    <alphaChannel>false</alphaChannel>
    <string> !"#$%&amp;'()*+,-./0123456789:;&lt;=>?\x0040ABCDEFGHIJKLMNOPQRSTUVWXYZ[\]^_`abcdefghijklmnopqrstuvwxyz{|}~°</string>
    <converted>C:/ArduinoSketches/libraries/TFT_ILI9163C/_utility/for_LCD_Font_Converter/FontFiles/unborn_small.c</converted>
    <chars>
        <char code="0020" character=" ">
            <picture format="png">iVBORw0KGgoAAAANSUhEUgAAAAUAAAAHCAYAAADAp4fuAAAACXBIWXMAAA7EAAAOxAGVKw4bAAAAFUlEQVQImWP8////fwY0wIQuQFdBAER0BAoeQeNHAAAAAElFTkSuQmCC</picture>
        </char>
        <char code="0021" character="!">
            <picture format="png">iVBORw0KGgoAAAANSUhEUgAAAAIAAAAHCAIAAACtGQvAAAAACXBIWXMAAA7EAAAOxAGVKw4bAAAAIElEQVQImVXHsQEAIAyAsNT/f8ahLk4EqA7wZ6qV6t0F5zgL/RFIE28AAAAASUVORK5CYII=</picture>
        </char>
        <char code="0022" character="&quot;">
            <picture format="png">iVBORw0KGgoAAAANSUhEUgAAAAQAAAAHCAIAAACgB3uHAAAACXBIWXMAAA7EAAAOxAGVKw4bAAAAHUlEQVQImWNgYGD4//8/hGRiQAKMEGEIQJEhkgMArqsJA4zcp6wAAAAASUVORK5CYII=</picture>
        </char>
        <char code="0023" character="#">
            <picture format="png">iVBORw0KGgoAAAANSUhEUgAAAAYAAAAHCAIAAACk8qu6AAAACXBIWXMAAA7EAAAOxAGVKw4bAAAAJUlEQVQImWP4//8/AwMDnIQwUMD///+Z0FShK8GpiglTISOmfgCGOCbhW5yS3gAAAABJRU5ErkJggg==</picture>
        </char>
        <char code="0024" character="$">
            <picture format="png">iVBORw0KGgoAAAANSUhEUgAAAAcAAAAHCAIAAABLMMCEAAAACXBIWXMAAA7EAAAOxAGVKw4bAAAANUlEQVQImWWNuQ0AMQzDpOy/M1MwuMvDwhAsGi6QpK1BhqtvSpMAl/v3YjcA0+F6vovr2+tO9rQj9vAqLV0AAAAASUVORK5CYII=</picture>
        </char>
        <char code="0025" character="%">
            <picture format="png">iVBORw0KGgoAAAANSUhEUgAAAAcAAAAHCAIAAABLMMCEAAAACXBIWXMAAA7EAAAOxAGVKw4bAAAAMklEQVQImWWMQQoAMAzCYv//5+xQ2EbrSUI0AKB2SaIWXxoBGVb32ug9qpeqNa2ebgQcOMcj9ajpWhQAAAAASUVORK5CYII=</picture>
        </char>
        <char code="0026" character="&amp;">
            <picture format="png">iVBORw0KGgoAAAANSUhEUgAAAAcAAAAHCAIAAABLMMCEAAAACXBIWXMAAA7EAAAOxAGVKw4bAAAAL0lEQVQImW2MMQ4AIBCDwP//GQcX49kJ0rRWKgBUB9bj/B0q70I9vPjFOQecv8AGifEa9Og31uEAAAAASUVORK5CYII=</picture>
        </char>
        <char code="0027" character="'">
            <picture format="png">iVBORw0KGgoAAAANSUhEUgAAAAIAAAAHCAIAAACtGQvAAAAACXBIWXMAAA7EAAAOxAGVKw4bAAAAH0lEQVQImVXHMQoAIAwAsdT///lcCuIUAtUBlqnefi7SaQYGSJsDAwAAAABJRU5ErkJggg==</picture>
        </char>
        <char code="0028" character="(">
            <picture format="png">iVBORw0KGgoAAAANSUhEUgAAAAMAAAAHCAYAAADNufepAAAACXBIWXMAAA7EAAAOxAGVKw4bAAAAJElEQVQImY3HoQHAMADDMGX//+ySgsEayapQ1S7A59frVLaBAzhGD//8cAb6AAAAAElFTkSuQmCC</picture>
        </char>
        <char code="0029" character=")">
            <picture format="png">iVBORw0KGgoAAAANSUhEUgAAAAMAAAAHCAYAAADNufepAAAACXBIWXMAAA7EAAAOxAGVKw4bAAAAJElEQVQImY3MoQEAMAyAMOj/PzNRUzlcDAJVAEyFuuD0Ce/tAVlpCwWgjlKWAAAAAElFTkSuQmCC</picture>
        </char>
        <char code="002a" character="*">
            <picture format="png">iVBORw0KGgoAAAANSUhEUgAAAAYAAAAHCAIAAACk8qu6AAAACXBIWXMAAA7EAAAOxAGVKw4bAAAAL0lEQVQImV2MQQoAMAzCtP//c3YoaJmHYmjQgCTbWyTNcm4TBSgsAxMlP1+r818ev1Yd9DXpvy0AAAAASUVORK5CYII=</picture>
        </char>
        <char code="002b" character="+">
            <picture format="png">iVBORw0KGgoAAAANSUhEUgAAAAQAAAAHCAYAAAAvZezQAAAACXBIWXMAAA7EAAAOxAGVKw4bAAAALElEQVQImW2MQQoAMAzCov//c3bqKGO5iIKJKovyUIAkdwhwLyodxWR3+UoPFocQ/5yWm8AAAAAASUVORK5CYII=</picture>
        </char>
        <char code="002c" character=",">
            <picture format="png">iVBORw0KGgoAAAANSUhEUgAAAAIAAAAHCAYAAAAie5yXAAAACXBIWXMAAA7EAAAOxAGVKw4bAAAAHElEQVQImWP8////fwYGBgYmBijAx2BkZEQVAQDzNgQNM/m58gAAAABJRU5ErkJggg==</picture>
        </char>
        <char code="002d" character="-">
            <picture format="png">iVBORw0KGgoAAAANSUhEUgAAAAQAAAAHCAIAAACgB3uHAAAACXBIWXMAAA7EAAAOxAGVKw4bAAAAHElEQVQImWP8//8/AwwwMSABFA4C/P//n5E4PQD1YwkC+G4wWAAAAABJRU5ErkJggg==</picture>
        </char>
        <char code="002e" character=".">
            <picture format="png">iVBORw0KGgoAAAANSUhEUgAAAAIAAAAHCAYAAAAie5yXAAAACXBIWXMAAA7EAAAOxAGVKw4bAAAAHklEQVQImWP8////fwYGBgYmBijAx2BkZIQwoJoYAAgwBwrTe775AAAAAElFTkSuQmCC</picture>
        </char>
        <char code="002f" character="/">
            <picture format="png">iVBORw0KGgoAAAANSUhEUgAAAAgAAAAHCAYAAAA1WQxeAAAACXBIWXMAAA7EAAAOxAGVKw4bAAAAM0lEQVQImX3PsRHAIAADMTn77+x0HASIW33jtK3Dkmjr+UPswYxb8MUlOOEIbgjB7Qh4AQ0iGgUtnR+mAAAAAElFTkSuQmCC</picture>
        </char>
        <char code="0030" character="0">
            <picture format="png">iVBORw0KGgoAAAANSUhEUgAAAAYAAAAHCAIAAACk8qu6AAAACXBIWXMAAA7EAAAOxAGVKw4bAAAAMElEQVQImWWNQQ4AIAjDKPH/X64HIgbdad0CQ42pFRFAwa3VBjXLAZ3mw/P+fOBf3CzoIPNM70TwAAAAAElFTkSuQmCC</picture>
        </char>
        <char code="0031" character="1">
            <picture format="png">iVBORw0KGgoAAAANSUhEUgAAAAMAAAAHCAYAAADNufepAAAACXBIWXMAAA7EAAAOxAGVKw4bAAAAKElEQVQImWP8////fwYoYGJgYGBgZGSEcGAMBgYGBiYkVRBluDkwpQAPfgoKfzg6JAAAAABJRU5ErkJggg==</picture>
        </char>
        <char code="0032" character="2">
            <picture format="png">iVBORw0KGgoAAAANSUhEUgAAAAYAAAAHCAYAAAArkDztAAAACXBIWXMAAA7EAAAOxAGVKw4bAAAAMElEQVQImY2NOQ4AIAzDHKn//7KZihB0wFuUK6oMBHgMlboLSQCoU3R6T003/x/NAggzGP4UYMA0AAAAAElFTkSuQmCC</picture>
        </char>
        <char code="0033" character="3">
            <picture format="png">iVBORw0KGgoAAAANSUhEUgAAAAYAAAAHCAYAAAArkDztAAAACXBIWXMAAA7EAAAOxAGVKw4bAAAALUlEQVQImZWNsQ0AMAzCsJT/X3anDK1Y6hUMqKZAkivY3rwCEDUDtKVu/H0sByWvGAXcfUV+AAAAAElFTkSuQmCC</picture>
        </char>
        <char code="0034" character="4">
            <picture format="png">iVBORw0KGgoAAAANSUhEUgAAAAYAAAAHCAYAAAArkDztAAAACXBIWXMAAA7EAAAOxAGVKw4bAAAALUlEQVQImWP8////fwYsgImRkRFFAMZnwqaagYGBgQVZFYoEuhUEjcKQgJkAAKpuChRcGhiYAAAAAElFTkSuQmCC</picture>
        </char>
        <char code="0035" character="5">
            <picture format="png">iVBORw0KGgoAAAANSUhEUgAAAAYAAAAHCAYAAAArkDztAAAACXBIWXMAAA7EAAAOxAGVKw4bAAAALElEQVQImZWLMQoAIBDDUrj/fzlOXVQQMxWaRJULAY5DZTqeRaXZ7SSoH0VZyXQb+EqRaG8AAAAASUVORK5CYII=</picture>
        </char>
        <char code="0036" character="6">
            <picture format="png">iVBORw0KGgoAAAANSUhEUgAAAAYAAAAHCAYAAAArkDztAAAACXBIWXMAAA7EAAAOxAGVKw4bAAAANUlEQVQImW2NQQoAMAzCIuz/X84OpbDSeRHEaFT56AAkGaFKyjcUYKVqTb1Ezx51fHRpEa0LUwMbApNrndMAAAAASUVORK5CYII=</picture>
        </char>
        <char code="0037" character="7">
            <picture format="png">iVBORw0KGgoAAAANSUhEUgAAAAUAAAAHCAYAAADAp4fuAAAACXBIWXMAAA7EAAAOxAGVKw4bAAAALUlEQVQImX2MQQoAIBCEnKX/f9lOwW5EHkWMKhcBhlRZPUwCQHVxguLBX/b3BikNEQTajUwdAAAAAElFTkSuQmCC</picture>
        </char>
        <char code="0038" character="8">
            <picture format="png">iVBORw0KGgoAAAANSUhEUgAAAAYAAAAHCAYAAAArkDztAAAACXBIWXMAAA7EAAAOxAGVKw4bAAAAL0lEQVQIma2LsQ0AIAzDYqn/v2wGROnAiKckilHNg0oSoIfzY+crAVFT6iejZpksS90j/7Q8eLAAAAAASUVORK5CYII=</picture>
        </char>
        <char code="0039" character="9">
            <picture format="png">iVBORw0KGgoAAAANSUhEUgAAAAYAAAAHCAYAAAArkDztAAAACXBIWXMAAA7EAAAOxAGVKw4bAAAANklEQVQImW2NyQ0AMAjDbKn7r5w+Kqh65IWIDSYJnwwAtRfFueYtqSR5jT51vyhI4GgKfIzKBALDGAhMTe/xAAAAAElFTkSuQmCC</picture>
        </char>
        <char code="003a" character=":">
            <picture format="png">iVBORw0KGgoAAAANSUhEUgAAAAIAAAAHCAYAAAAie5yXAAAACXBIWXMAAA7EAAAOxAGVKw4bAAAAHklEQVQImWP8////fwYGBgYmBihgYmRkhDCgMvikAG5LCgqaSkWqAAAAAElFTkSuQmCC</picture>
        </char>
        <char code="003b" character=";">
            <picture format="png">iVBORw0KGgoAAAANSUhEUgAAAAIAAAAHCAYAAAAie5yXAAAACXBIWXMAAA7EAAAOxAGVKw4bAAAAIElEQVQImWP8////fwYGBgYmBihgYmRkhDCgMtikYCIAWWAHDeBxAAAAAAAASUVORK5CYII=</picture>
        </char>
        <char code="003c" character="&lt;">
            <picture format="png">iVBORw0KGgoAAAANSUhEUgAAAAMAAAAHCAYAAADNufepAAAACXBIWXMAAA7EAAAOxAGVKw4bAAAAKklEQVQImWXMQQoAIBDDwOn+/8/1oIhgrglJ2zqMh4EkILjltL1mbPUPFsgPDgUj+AaKAAAAAElFTkSuQmCC</picture>
        </char>
        <char code="003d" character="=">
            <picture format="png">iVBORw0KGgoAAAANSUhEUgAAAAQAAAAHCAIAAACgB3uHAAAACXBIWXMAAA7EAAAOxAGVKw4bAAAAHUlEQVQImWP8//8/AwwwMWAF////Z0RWhlsGxQAA3fkO+YNrWrUAAAAASUVORK5CYII=</picture>
        </char>
        <char code="003e" character=">">
            <picture format="png">iVBORw0KGgoAAAANSUhEUgAAAAMAAAAHCAYAAADNufepAAAACXBIWXMAAA7EAAAOxAGVKw4bAAAAKElEQVQImVWMuQ0AMBCDsPffmTR5LnRYwlFlUwZN8kTlDAFu1tH/BwvHUA4FuY4BfwAAAABJRU5ErkJggg==</picture>
        </char>
        <char code="003f" character="?">
            <picture format="png">iVBORw0KGgoAAAANSUhEUgAAAAUAAAAHCAIAAABPxRC5AAAACXBIWXMAAA7EAAAOxAGVKw4bAAAAJUlEQVQImWP8//8/Ay7w//9/Frg8IyMjAwMDC5wFFUXTz0RAHgDfwA8IlRLBBgAAAABJRU5ErkJggg==</picture>
        </char>
        <char code="0040" character="\x0040">
            <picture format="png">iVBORw0KGgoAAAANSUhEUgAAAAgAAAAHCAIAAAC6O5sJAAAACXBIWXMAAA7EAAAOxAGVKw4bAAAALklEQVQImWNgwAb+///PAqGQRRkZGRkYGFiQOciKmJC1YzERU4QRu1pc4P///wDGfhf6ki9pzAAAAABJRU5ErkJggg==</picture>
        </char>
        <char code="0041" character="A">
            <picture format="png">iVBORw0KGgoAAAANSUhEUgAAAAYAAAAHCAYAAAArkDztAAAACXBIWXMAAA7EAAAOxAGVKw4bAAAAMUlEQVQImXWOQQoAIAzDUtj/vxxPgm6aU0sJNKo8CDAGlepCEgBqh05tdRhnuYzPKRZNhhESGc/1ZwAAAABJRU5ErkJggg==</picture>
        </char>
        <char code="0042" character="B">
            <picture format="png">iVBORw0KGgoAAAANSUhEUgAAAAYAAAAHCAYAAAArkDztAAAACXBIWXMAAA7EAAAOxAGVKw4bAAAANElEQVQImXXOOQ7AMBACwNnI//8ybpLIJxXiEoUksaKwqUm0j/zJKvBsGy+uRhvrk3F6BB1kLw4L1ZoshgAAAABJRU5ErkJggg==</picture>
        </char>
        <char code="0043" character="C">
            <picture format="png">iVBORw0KGgoAAAANSUhEUgAAAAYAAAAHCAYAAAArkDztAAAACXBIWXMAAA7EAAAOxAGVKw4bAAAAKklEQVQImWP8////fwYsgJGBgQFD4v///wwsMAY6YMJmDF4J3HbgcBQDAO9GEf6eQmkcAAAAAElFTkSuQmCC</picture>
        </char>
        <char code="0044" character="D">
            <picture format="png">iVBORw0KGgoAAAANSUhEUgAAAAYAAAAHCAYAAAArkDztAAAACXBIWXMAAA7EAAAOxAGVKw4bAAAAMUlEQVQImX2OQQoAIAzDUtn/vxxPyhQx1zTQqNJIgkol4UUB9GgNx3P+E9XzQ1ynNhMuvw0Vcd5wMwAAAABJRU5ErkJggg==</picture>
        </char>
        <char code="0045" character="E">
            <picture format="png">iVBORw0KGgoAAAANSUhEUgAAAAYAAAAHCAYAAAArkDztAAAACXBIWXMAAA7EAAAOxAGVKw4bAAAAI0lEQVQImWP8////fwYsgJGBgQFD4v///wwsMAYtdeBwFAMABowY+HDj5s8AAAAASUVORK5CYII=</picture>
        </char>
        <char code="0046" character="F">
            <picture format="png">iVBORw0KGgoAAAANSUhEUgAAAAYAAAAHCAYAAAArkDztAAAACXBIWXMAAA7EAAAOxAGVKw4bAAAAK0lEQVQImWP8////fwYsgJGBgQFD4v///wwsMAblOpiwWczAwMDAhMNRDACE/xT79UZkSgAAAABJRU5ErkJggg==</picture>
        </char>
        <char code="0047" character="G">
            <picture format="png">iVBORw0KGgoAAAANSUhEUgAAAAYAAAAHCAYAAAArkDztAAAACXBIWXMAAA7EAAAOxAGVKw4bAAAAMklEQVQImXWOQQ4AIAzCwOz/X64nl20qJwg0wQB6yJKuAlAcMxWJ2o1YNVQy5jqLzylt0nIXBE7eQlMAAAAASUVORK5CYII=</picture>
        </char>
        <char code="0048" character="H">
            <picture format="png">iVBORw0KGgoAAAANSUhEUgAAAAYAAAAHCAYAAAArkDztAAAACXBIWXMAAA7EAAAOxAGVKw4bAAAALElEQVQImWP8////fwYsgImRkRFFAMZnwqaagYGBgQVZFYYEsjUEjWLE5SoA4xwLEt84W3EAAAAASUVORK5CYII=</picture>
        </char>
        <char code="0049" character="I">
            <picture format="png">iVBORw0KGgoAAAANSUhEUgAAAAIAAAAHCAYAAAAie5yXAAAACXBIWXMAAA7EAAAOxAGVKw4bAAAAIUlEQVQImX3LoQEAAAjDsIz/fx4GTVVM07YwScC4PtxkAQicBwqJV6XkAAAAAElFTkSuQmCC</picture>
        </char>
        <char code="004a" character="J">
            <picture format="png">iVBORw0KGgoAAAANSUhEUgAAAAQAAAAHCAIAAACgB3uHAAAACXBIWXMAAA7EAAAOxAGVKw4bAAAAH0lEQVQImWP8//8/AwwwQShGRkYEB0WGEIcRQkHMBAAckgYKgtI/qwAAAABJRU5ErkJggg==</picture>
        </char>
        <char code="004b" character="K">
            <picture format="png">iVBORw0KGgoAAAANSUhEUgAAAAYAAAAHCAYAAAArkDztAAAACXBIWXMAAA7EAAAOxAGVKw4bAAAAMklEQVQImX2OQQoAIAzDUvH/X46ngYNpbyklNKoMWUlaUbymNUCApirzvqFU6kf1enUA0/8SBQIEtq0AAAAASUVORK5CYII=</picture>
        </char>
        <char code="004c" character="L">
            <picture format="png">iVBORw0KGgoAAAANSUhEUgAAAAUAAAAHCAIAAABPxRC5AAAACXBIWXMAAA7EAAAOxAGVKw4bAAAAI0lEQVQImWP8//8/AxJgZGBgQBZiYkAFhPgo4P///4xo5gMAuzML/tDbq24AAAAASUVORK5CYII=</picture>
        </char>
        <char code="004d" character="M">
            <picture format="png">iVBORw0KGgoAAAANSUhEUgAAAAoAAAAHCAYAAAAxrNxjAAAACXBIWXMAAA7EAAAOxAGVKw4bAAAAMElEQVQYlbWPsQ0AIADCivH/l+uki4MsMkFSQogqhQI8QZW5zWkmVwYYzewfMO3rBelxEgIhNYuHAAAAAElFTkSuQmCC</picture>
        </char>
        <char code="004e" character="N">
            <picture format="png">iVBORw0KGgoAAAANSUhEUgAAAAYAAAAHCAYAAAArkDztAAAACXBIWXMAAA7EAAAOxAGVKw4bAAAALklEQVQImZ2OsQ0AIAzDHNT/XzYTLLQLmSLZihJVmgR4gEqdcs0EgNXN/IFMrzaD2w8CNjpWTQAAAABJRU5ErkJggg==</picture>
        </char>
        <char code="004f" character="O">
            <picture format="png">iVBORw0KGgoAAAANSUhEUgAAAAYAAAAHCAYAAAArkDztAAAACXBIWXMAAA7EAAAOxAGVKw4bAAAAMUlEQVQImX2OSwoAIBQCx3j3v/K0Koo+roRRMapcFOAAKjXMTCYAtNvMF9Ra38DjFB1wIw4L+OS41wAAAABJRU5ErkJggg==</picture>
        </char>
        <char code="0050" character="P">
            <picture format="png">iVBORw0KGgoAAAANSUhEUgAAAAYAAAAHCAYAAAArkDztAAAACXBIWXMAAA7EAAAOxAGVKw4bAAAAMElEQVQImX2OQQoAMAzC4uj/v5ydNgYt8yRExagyKEADKnXMTSYArGnmC+qtNzAd22QvDgv60bD0AAAAAElFTkSuQmCC</picture>
        </char>
        <char code="0051" character="Q">
            <picture format="png">iVBORw0KGgoAAAANSUhEUgAAAAYAAAAHCAYAAAArkDztAAAACXBIWXMAAA7EAAAOxAGVKw4bAAAAM0lEQVQImX2OSQoAMAwCJyX///L0lNIl1JMwKoYqjQJ4gEqWWckIAEY38wW51w9wn6rQBHA4Dg5lToNnAAAAAElFTkSuQmCC</picture>
        </char>
        <char code="0052" character="R">
            <picture format="png">iVBORw0KGgoAAAANSUhEUgAAAAQAAAAHCAYAAAAvZezQAAAACXBIWXMAAA7EAAAOxAGVKw4bAAAAJ0lEQVQImWP8////fwYkwMjAwAAX+P//PwMLjAEDTAxogAgBNEsYAFXiDgG+MwK9AAAAAElFTkSuQmCC</picture>
        </char>
        <char code="0053" character="S">
            <picture format="png">iVBORw0KGgoAAAANSUhEUgAAAAYAAAAHCAYAAAArkDztAAAACXBIWXMAAA7EAAAOxAGVKw4bAAAALUlEQVQImY2LMQ4AQAiDaOL/v8xNLupwTCQtUeUgwBpUquW/mO8kAFTLZBXNA5LEFQVbgHRZAAAAAElFTkSuQmCC</picture>
        </char>
        <char code="0054" character="T">
            <picture format="png">iVBORw0KGgoAAAANSUhEUgAAAAYAAAAHCAYAAAArkDztAAAACXBIWXMAAA7EAAAOxAGVKw4bAAAAK0lEQVQImWP8////fwYsgJGBgQFD4v///wwsMA2MjIwMyJqZsBlDoQS64wCu7xEB3TO+4QAAAABJRU5ErkJggg==</picture>
        </char>
        <char code="0055" character="U">
            <picture format="png">iVBORw0KGgoAAAANSUhEUgAAAAYAAAAHCAYAAAArkDztAAAACXBIWXMAAA7EAAAOxAGVKw4bAAAAJklEQVQImWP8////fwYsgImRkRFFAMZnwqaaPAkWZHNRJHA4igEA/gEHFCVFwrcAAAAASUVORK5CYII=</picture>
        </char>
        <char code="0056" character="V">
            <picture format="png">iVBORw0KGgoAAAANSUhEUgAAAAYAAAAHCAYAAAArkDztAAAACXBIWXMAAA7EAAAOxAGVKw4bAAAAKklEQVQImWP8////fwYsgImRkRFFAMZnwqaaPAlGBgYGFMthbmHB4SgGAIpoCwqzejtRAAAAAElFTkSuQmCC</picture>
        </char>
        <char code="0057" character="W">
            <picture format="png">iVBORw0KGgoAAAANSUhEUgAAAAoAAAAHCAYAAAAxrNxjAAAACXBIWXMAAA7EAAAOxAGVKw4bAAAALklEQVQYlWP8////fwYiABMjIyOKAC4+EzGm0UYhIwMDA0HP/P//n4GFSE8zAADEjgsN26PHcgAAAABJRU5ErkJggg==</picture>
        </char>
        <char code="0058" character="X">
            <picture format="png">iVBORw0KGgoAAAANSUhEUgAAAAYAAAAHCAYAAAArkDztAAAACXBIWXMAAA7EAAAOxAGVKw4bAAAANUlEQVQImXWOQQ4AIAzC6OL/v1wPxqiJ48QIMFDNBwU8wr7r506SoeZO7WYWP2+AqH0V3aoJ4WYVBcyWNP4AAAAASUVORK5CYII=</picture>
        </char>
        <char code="0059" character="Y">
            <picture format="png">iVBORw0KGgoAAAANSUhEUgAAAAYAAAAHCAYAAAArkDztAAAACXBIWXMAAA7EAAAOxAGVKw4bAAAAJ0lEQVQImWP8////fwYsgImRkRFFAMZnwqaaPAkWZHNRJNAdBVMEAP4WBxeVBYl8AAAAAElFTkSuQmCC</picture>
        </char>
        <char code="005a" character="Z">
            <picture format="png">iVBORw0KGgoAAAANSUhEUgAAAAYAAAAHCAYAAAArkDztAAAACXBIWXMAAA7EAAAOxAGVKw4bAAAALUlEQVQImZ2NMQoAMBCDDNz/v2ynLNdOdRKCJKo8CHANKrODJABMZTNN/z/KAc0/FQVQo3HAAAAAAElFTkSuQmCC</picture>
        </char>
        <char code="005b" character="[">
            <picture format="png">iVBORw0KGgoAAAANSUhEUgAAAAMAAAAHCAYAAADNufepAAAACXBIWXMAAA7EAAAOxAGVKw4bAAAAI0lEQVQImZXHsQ0AMAzDMDr//+wOQQ6oJjEotDU3WFw/SAIeIukHCsEU2oQAAAAASUVORK5CYII=</picture>
        </char>
        <char code="005c" character="\">
            <picture format="png">iVBORw0KGgoAAAANSUhEUgAAAAgAAAAHCAIAAAC6O5sJAAAACXBIWXMAAA7EAAAOxAGVKw4bAAAAMElEQVQImW3LMQoAMAwCQPX/f7ZDoJjaLApnCMA26mSb5Afmo00TbbrtMeUqbUHaAX2tFQu/mq16AAAAAElFTkSuQmCC</picture>
        </char>
        <char code="005d" character="]">
            <picture format="png">iVBORw0KGgoAAAANSUhEUgAAAAMAAAAHCAYAAADNufepAAAACXBIWXMAAA7EAAAOxAGVKw4bAAAAIklEQVQImY3HoREAAAjEsD7771wUHJK4BBBApVRGcXyTZNMu6QcK6olrYgAAAABJRU5ErkJggg==</picture>
        </char>
        <char code="005e" character="^">
            <picture format="png">iVBORw0KGgoAAAANSUhEUgAAAAYAAAAHCAIAAACk8qu6AAAACXBIWXMAAA7EAAAOxAGVKw4bAAAAKklEQVQImY2JIRIAMAyDoP//cya6i5kZKhCTAOoOYOrqJoH+96uX4eEvHQzBEgbgCuczAAAAAElFTkSuQmCC</picture>
        </char>
        <char code="005f" character="_">
            <picture format="png">iVBORw0KGgoAAAANSUhEUgAAAAYAAAAHCAIAAACk8qu6AAAACXBIWXMAAA7EAAAOxAGVKw4bAAAAGklEQVQImWP8//8/AypgYsAA1BRCB////wcAkYIGBtdyjo8AAAAASUVORK5CYII=</picture>
        </char>
        <char code="0060" character="`">
            <picture format="png">iVBORw0KGgoAAAANSUhEUgAAAAMAAAAHCAIAAABC22D+AAAACXBIWXMAAA7EAAAOxAGVKw4bAAAAH0lEQVQImWNkYGD4//8/A5z6//8/I1SAgYGJAQbwswCcBwv/f/zsxAAAAABJRU5ErkJggg==</picture>
        </char>
        <char code="0061" character="a">
            <picture format="png">iVBORw0KGgoAAAANSUhEUgAAAAYAAAAHCAIAAACk8qu6AAAACXBIWXMAAA7EAAAOxAGVKw4bAAAALElEQVQImWP8//8/A37w//9/FmRVjIyMDAwMLHAWQgKiGK4Ki9H////HIgwASk0VAOLzJtAAAAAASUVORK5CYII=</picture>
        </char>
        <char code="0062" character="b">
            <picture format="png">iVBORw0KGgoAAAANSUhEUgAAAAYAAAAHCAIAAACk8qu6AAAACXBIWXMAAA7EAAAOxAGVKw4bAAAAK0lEQVQImW2NMQ4AIBCDwP//GQeXi8rW0qQCFQNnOM65UqvFw6e6qbzugA0VIBH6C54VOwAAAABJRU5ErkJggg==</picture>
        </char>
        <char code="0063" character="c">
            <picture format="png">iVBORw0KGgoAAAANSUhEUgAAAAYAAAAHCAYAAAArkDztAAAACXBIWXMAAA7EAAAOxAGVKw4bAAAAKklEQVQImWP8////fwYsgJGBgQFD4v///wwsMAY6YMJmDF4J3HbgcBQDAO9GEf6eQmkcAAAAAElFTkSuQmCC</picture>
        </char>
        <char code="0064" character="d">
            <picture format="png">iVBORw0KGgoAAAANSUhEUgAAAAYAAAAHCAIAAACk8qu6AAAACXBIWXMAAA7EAAAOxAGVKw4bAAAAL0lEQVQImW2MQQoAIAzDUvH/X46HoQw1pzaURmWTRJ2VaAQ4w1oNHj6Kfl81lwIWvX0VAIc8qbAAAAAASUVORK5CYII=</picture>
        </char>
        <char code="0065" character="e">
            <picture format="png">iVBORw0KGgoAAAANSUhEUgAAAAYAAAAHCAYAAAArkDztAAAACXBIWXMAAA7EAAAOxAGVKw4bAAAAI0lEQVQImWP8////fwYsgJGBgQFD4v///wwsMAYtdeBwFAMABowY+HDj5s8AAAAASUVORK5CYII=</picture>
        </char>
        <char code="0066" character="f">
            <picture format="png">iVBORw0KGgoAAAANSUhEUgAAAAYAAAAHCAYAAAArkDztAAAACXBIWXMAAA7EAAAOxAGVKw4bAAAAK0lEQVQImWP8////fwYsgJGBgQFD4v///wwsMAblOpiwWczAwMDAhMNRDACE/xT79UZkSgAAAABJRU5ErkJggg==</picture>
        </char>
        <char code="0067" character="g">
            <picture format="png">iVBORw0KGgoAAAANSUhEUgAAAAYAAAAHCAIAAACk8qu6AAAACXBIWXMAAA7EAAAOxAGVKw4bAAAAJElEQVQImWP8//8/A37w//9/RgiFRQaZzQRnwSUYMZUzYhoEANOWGuz0V7r7AAAAAElFTkSuQmCC</picture>
        </char>
        <char code="0068" character="h">
            <picture format="png">iVBORw0KGgoAAAANSUhEUgAAAAYAAAAHCAYAAAArkDztAAAACXBIWXMAAA7EAAAOxAGVKw4bAAAALElEQVQImWP8////fwYsgImRkRFFAMZnwqaagYGBgQVZFYYEsjUEjWLE5SoA4xwLEt84W3EAAAAASUVORK5CYII=</picture>
        </char>
        <char code="0069" character="i">
            <picture format="png">iVBORw0KGgoAAAANSUhEUgAAAAIAAAAHCAIAAACtGQvAAAAACXBIWXMAAA7EAAAOxAGVKw4bAAAAIElEQVQImWNgYGD4//8/4////xkg4P///0wQFioFVQIAZIoL/TcbqQkAAAAASUVORK5CYII=</picture>
        </char>
        <char code="006a" character="j">
            <picture format="png">iVBORw0KGgoAAAANSUhEUgAAAAMAAAAHCAIAAABC22D+AAAACXBIWXMAAA7EAAAOxAGVKw4bAAAAJUlEQVQImWP8//8/AwMDAwMDEwMDAyMjI5SFEMPNYmRgYIBoBwDc8AYKnRMnZgAAAABJRU5ErkJggg==</picture>
        </char>
        <char code="006b" character="k">
            <picture format="png">iVBORw0KGgoAAAANSUhEUgAAAAYAAAAHCAYAAAArkDztAAAACXBIWXMAAA7EAAAOxAGVKw4bAAAAMklEQVQImX2OQQoAIAzDUvH/X46ngYNpbyklNKoMWUlaUbymNUCApirzvqFU6kf1enUA0/8SBQIEtq0AAAAASUVORK5CYII=</picture>
        </char>
        <char code="006c" character="l">
            <picture format="png">iVBORw0KGgoAAAANSUhEUgAAAAUAAAAHCAIAAABPxRC5AAAACXBIWXMAAA7EAAAOxAGVKw4bAAAAI0lEQVQImWP8//8/AxJgZGBgQBZiYkAFhPgo4P///4xo5gMAuzML/tDbq24AAAAASUVORK5CYII=</picture>
        </char>
        <char code="006d" character="m">
            <picture format="png">iVBORw0KGgoAAAANSUhEUgAAAAoAAAAHCAIAAAC+zks0AAAACXBIWXMAAA7EAAAOxAGVKw4bAAAAK0lEQVQImWP8//8/A27AiEsCoo0RzmJgYGBkZERjM+ExmYGBgTJpRvwuBwCVbxH/9hM6LQAAAABJRU5ErkJggg==</picture>
        </char>
        <char code="006e" character="n">
            <picture format="png">iVBORw0KGgoAAAANSUhEUgAAAAYAAAAHCAIAAACk8qu6AAAACXBIWXMAAA7EAAAOxAGVKw4bAAAAKUlEQVQImWP8//8/AypgROZApBnhLAYGBkZGxv///zMxYADihBgxbQQA35MO/xtRJHgAAAAASUVORK5CYII=</picture>
        </char>
        <char code="006f" character="o">
            <picture format="png">iVBORw0KGgoAAAANSUhEUgAAAAYAAAAHCAIAAACk8qu6AAAACXBIWXMAAA7EAAAOxAGVKw4bAAAAJ0lEQVQImWP8//8/A37w//9/FggF4TMyMjIwMDBhKsQihMUsRkwbASymDv/PKtJzAAAAAElFTkSuQmCC</picture>
        </char>
        <char code="0070" character="p">
            <picture format="png">iVBORw0KGgoAAAANSUhEUgAAAAYAAAAHCAIAAACk8qu6AAAACXBIWXMAAA7EAAAOxAGVKw4bAAAALUlEQVQImW3MQQoAIAwDwaz///N6KEirzilNoKiZ6EfNnJQEUFcen+qmjl9lAxUgEfrGShJvAAAAAElFTkSuQmCC</picture>
        </char>
        <char code="0071" character="q">
            <picture format="png">iVBORw0KGgoAAAANSUhEUgAAAAYAAAAHCAIAAACk8qu6AAAACXBIWXMAAA7EAAAOxAGVKw4bAAAAK0lEQVQImW3MwQkAMAzDQKtk/5XVbzDx88BCTa1IZSugvn4lBx3p2XkgyQdjtRT8SIzdpgAAAABJRU5ErkJggg==</picture>
        </char>
        <char code="0072" character="r">
            <picture format="png">iVBORw0KGgoAAAANSUhEUgAAAAQAAAAHCAIAAACgB3uHAAAACXBIWXMAAA7EAAAOxAGVKw4bAAAAH0lEQVQImWP8//8/AxzAOf///2dE5jMxIAHcHEZk0wCLjg77Iex9xAAAAABJRU5ErkJggg==</picture>
        </char>
        <char code="0073" character="s">
            <picture format="png">iVBORw0KGgoAAAANSUhEUgAAAAYAAAAHCAIAAACk8qu6AAAACXBIWXMAAA7EAAAOxAGVKw4bAAAAJUlEQVQImWP8//8/AxpAE/r//z8jpigWTSzIShgZGbGrYsQ0CADOaRfzDhbOHQAAAABJRU5ErkJggg==</picture>
        </char>
        <char code="0074" character="t">
            <picture format="png">iVBORw0KGgoAAAANSUhEUgAAAAYAAAAHCAYAAAArkDztAAAACXBIWXMAAA7EAAAOxAGVKw4bAAAAK0lEQVQImWP8////fwYsgJGBgQFD4v///wwsMA2MjIwMyJqZsBlDoQS64wCu7xEB3TO+4QAAAABJRU5ErkJggg==</picture>
        </char>
        <char code="0075" character="u">
            <picture format="png">iVBORw0KGgoAAAANSUhEUgAAAAYAAAAHCAIAAACk8qu6AAAACXBIWXMAAA7EAAAOxAGVKw4bAAAAJklEQVQImWP8//8/AypgYmRkhHMgbCYGDECcEAOa8f///2fEtBEAavwMBQnaSZEAAAAASUVORK5CYII=</picture>
        </char>
        <char code="0076" character="v">
            <picture format="png">iVBORw0KGgoAAAANSUhEUgAAAAYAAAAHCAYAAAArkDztAAAACXBIWXMAAA7EAAAOxAGVKw4bAAAAKklEQVQImWP8////fwYsgImRkRFFAMZnwqaaPAlGBgYGFMthbmHB4SgGAIpoCwqzejtRAAAAAElFTkSuQmCC</picture>
        </char>
        <char code="0077" character="w">
            <picture format="png">iVBORw0KGgoAAAANSUhEUgAAAAoAAAAHCAIAAAC+zks0AAAACXBIWXMAAA7EAAAOxAGVKw4bAAAAJUlEQVQImWP8//8/A27AxMjICOdgspnwaKVYmhGXBMTJjPhdDgBRXAkMF3UZSQAAAABJRU5ErkJggg==</picture>
        </char>
        <char code="0078" character="x">
            <picture format="png">iVBORw0KGgoAAAANSUhEUgAAAAYAAAAHCAYAAAArkDztAAAACXBIWXMAAA7EAAAOxAGVKw4bAAAANUlEQVQImXWOQQ4AIAzC6OL/v1wPxqiJ48QIMFDNBwU8wr7r506SoeZO7WYWP2+AqH0V3aoJ4WYVBcyWNP4AAAAASUVORK5CYII=</picture>
        </char>
        <char code="0079" character="y">
            <picture format="png">iVBORw0KGgoAAAANSUhEUgAAAAYAAAAHCAIAAACk8qu6AAAACXBIWXMAAA7EAAAOxAGVKw4bAAAAKElEQVQImWP8//8/AypgYmRkhHMgbCYGDECcEAOa8f///2dBFoUYDwBiTQwLWOywvgAAAABJRU5ErkJggg==</picture>
        </char>
        <char code="007a" character="z">
            <picture format="png">iVBORw0KGgoAAAANSUhEUgAAAAYAAAAHCAYAAAArkDztAAAACXBIWXMAAA7EAAAOxAGVKw4bAAAALUlEQVQImZ2NMQoAMBCDDNz/v2ynLNdOdRKCJKo8CHANKrODJABMZTNN/z/KAc0/FQVQo3HAAAAAAElFTkSuQmCC</picture>
        </char>
        <char code="007b" character="{">
            <picture format="png">iVBORw0KGgoAAAANSUhEUgAAAAQAAAAHCAIAAACgB3uHAAAACXBIWXMAAA7EAAAOxAGVKw4bAAAAK0lEQVQImU3KsREAMAzCQMH+OysFKUz3h1BVQC2QZC5nWTBUTfJxsy7b+QDh8hUAiiAkVQAAAABJRU5ErkJggg==</picture>
        </char>
        <char code="007c" character="|">
            <picture format="png">iVBORw0KGgoAAAANSUhEUgAAAAIAAAAHCAYAAAAie5yXAAAACXBIWXMAAA7EAAAOxAGVKw4bAAAAF0lEQVQImWNkYGD4////fwYmBiggiQEA5xIECqjtK10AAAAASUVORK5CYII=</picture>
        </char>
        <char code="007d" character="}">
            <picture format="png">iVBORw0KGgoAAAANSUhEUgAAAAQAAAAHCAIAAACgB3uHAAAACXBIWXMAAA7EAAAOxAGVKw4bAAAAK0lEQVQImVWMMRIAMAyCIP//sx3skLhxogJJAGCSqB9YmWotB1A7O5r77QHpxg8HQqdTQQAAAABJRU5ErkJggg==</picture>
        </char>
        <char code="007e" character="~">
            <picture format="png">iVBORw0KGgoAAAANSUhEUgAAAAcAAAAHCAIAAABLMMCEAAAACXBIWXMAAA7EAAAOxAGVKw4bAAAAK0lEQVQImWP8//8/AwZgwhTCK8rIyIhFBm40hPH//39GZNsYGaFcRqxuAACw6RT7wuxGMgAAAABJRU5ErkJggg==</picture>
        </char>
        <char code="00b0" character="°">
            <picture format="png">iVBORw0KGgoAAAANSUhEUgAAAAQAAAAHCAIAAACgB3uHAAAACXBIWXMAAA7EAAAOxAGVKw4bAAAAH0lEQVQImWNggIH///8zQSgGNPD//39GZGEmZEncHAAB8Qv+JogMggAAAABJRU5ErkJggg==</picture>
        </char>
    </chars>
</data>
